191, 160, 178
235, 234, 242
124, 132, 143
240, 239, 245
197, 197, 199
149, 43, 53
153, 91, 34
204, 204, 204
89, 53, 63
89, 53, 63
150, 150, 152
137, 10, 19
49, 62, 94
243, 248, 252
60, 68, 91
52, 57, 89
210, 203, 195
244, 244, 246
141, 141, 131
254, 254, 254
216, 214, 215
110, 48, 63
173, 171, 174
86, 35, 42
188, 189, 193
243, 244, 248
45, 58, 90
153, 152, 158
113, 143, 179
134, 157, 188
82, 73, 76
80, 75, 81
98, 98, 98
79, 74, 80
192, 199, 215
252, 251, 255
187, 164, 132
71, 93, 107
228, 227, 233
252, 252, 252
124, 128, 140
74, 74, 82
210, 201, 184
98, 45, 55
216, 189, 168
47, 50, 85
77, 77, 79
156, 154, 155
142, 142, 144
250, 250, 252
63, 98, 136
229, 230, 235
202, 194, 191
202, 211, 220
199, 190, 181
55, 60, 92
207, 57, 68
220, 220, 222
88, 82, 84
82, 73, 76
185, 179, 181
255, 255, 253
106, 118, 140
97, 95, 109
207, 207, 197
224, 223, 218
208, 208, 210
158, 53, 60
210, 199, 181
78, 76, 81
80, 74, 76
254, 254, 254
164, 58, 62
96, 88, 101
75, 76, 81
83, 83, 85
215, 206, 199
143, 149, 173
214, 214, 216
114, 119, 97
59, 60, 88
243, 241, 242
45, 74, 114
55, 89, 150
136, 123, 104
250, 250, 252
59, 65, 89
82, 97, 130
81, 75, 79
240, 243, 248
212, 188, 152
204, 202, 203
0, 96, 125
253, 253, 255
146, 56, 66
250, 248, 249
227, 227, 227
50, 66, 100
232, 241, 250
252, 252, 254
80, 73, 81
24, 74, 85
62, 67, 89
83, 80, 87
127, 157, 185
218, 217, 223
190, 191, 196
246, 245, 251
197, 116, 51
59, 62, 105
208, 199, 192
242, 242, 244
218, 218, 220
230, 230, 232
83, 81, 86
77, 74, 81
87, 83, 82
89, 57, 44
164, 146, 122
43, 51, 88
231, 231, 233
236, 237, 241
201, 185, 160
159, 223, 223
202, 202, 204
156, 157, 175
95, 93, 98
214, 213, 219
74, 74, 82
83, 83, 91
128, 128, 130
204, 202, 213
125, 119, 119
238, 236, 241
104, 42, 47
83, 89, 101
234, 234, 236
70, 76, 92
98, 108, 133
234, 233, 238
62, 68, 90
237, 238, 242
110, 137, 167
239, 238, 236
78, 76, 77
214, 214, 216
83, 77, 89
97, 93, 82
215, 211, 202
248, 249, 253
227, 225, 226
229, 227, 228
145, 143, 146
250, 250, 252
84, 76, 74
233, 237, 248
191, 173, 151
210, 209, 215
201, 197, 186
241, 241, 243
89, 88, 93
242, 241, 247
113, 122, 129
228, 228, 230
223, 155, 154
236, 236, 236
78, 77, 75
51, 54, 87
131, 129, 130
130, 118, 128
217, 201, 178
74, 75, 79
250, 250, 252
230, 230, 232
80, 77, 84
76, 76, 86
53, 58, 88
253, 253, 255
177, 175, 180
235, 234, 240
169, 168, 166
225, 166, 4
114, 113, 118
109, 109, 111
183, 165, 145
237, 237, 239
211, 211, 213
253, 253, 253
158, 156, 157
255, 254, 255
188, 108, 75
250, 250, 252
85, 86, 91
179, 219, 211
69, 70, 90
68, 69, 89
236, 236, 238
222, 222, 222
255, 254, 252
247, 248, 243
82, 81, 79
243, 242, 248
124, 79, 73
196, 196, 194
206, 206, 208
255, 76, 79
70, 72, 87
82, 80, 85
83, 81, 82
249, 248, 253
150, 149, 147
225, 235, 245
207, 196, 178
62, 67, 89
148, 147, 145
215, 213, 214
50, 54, 89
255, 255, 253
233, 232, 228
245, 245, 247
255, 254, 255
112, 94, 90
255, 255, 255
215, 206, 197
205, 228, 246
106, 107, 111
63, 78, 99
103, 50, 66
95, 47, 59
48, 66, 102
133, 136, 153
209, 202, 194
183, 181, 184
63, 77, 78
63, 83, 84
207, 196, 178
81, 79, 84
48, 57, 88
176, 1, 18
201, 183, 169
181, 161, 163
64, 64, 88
220, 174, 76
58, 76, 112
80, 77, 84
66, 64, 88
216, 222, 236
96, 96, 98
205, 206, 211
168, 146, 123
236, 177, 135
185, 185, 187
175, 173, 174
180, 175, 181
221, 216, 220
62, 74, 90
125, 136, 60
115, 114, 120
231, 230, 236
57, 64, 93
253, 253, 253
146, 160, 173
220, 220, 220
79, 102, 144
197, 193, 192
196, 188, 175
157, 156, 162
186, 189, 198
237, 236, 242
82, 21, 29
56, 66, 91
247, 246, 244
245, 194, 193
83, 79, 76
77, 75, 80
212, 213, 218
217, 231, 244
187, 196, 203
111, 102, 71
108, 146, 185
251, 251, 253
247, 246, 252
248, 251, 255
200, 179, 152
229, 241, 205
64, 44, 103
248, 249, 244
220, 229, 238
254, 254, 254
179, 177, 180
129, 121, 108
113, 89, 63
154, 184, 208
104, 103, 101
225, 225, 223
168, 152, 129
190, 189, 197
78, 76, 81
167, 154, 146
226, 220, 220
224, 216, 213
223, 214, 205
68, 73, 105
175, 175, 177
85, 83, 88
74, 125, 182
107, 159, 207
76, 75, 80
217, 217, 219
113, 108, 112
249, 249, 251
77, 24, 30
251, 249, 250
90, 89, 94
247, 246, 252
100, 81, 77
217, 212, 209
201, 155, 139
248, 248, 250
215, 220, 224
195, 193, 196
79, 77, 80
127, 150, 192
74, 98, 126
244, 244, 242
241, 240, 246
88, 87, 93
74, 79, 83
80, 84, 93
189, 205, 220
37, 56, 99
78, 77, 82
120, 119, 124
75, 72, 83
238, 237, 235
90, 51, 54
95, 121, 170
199, 198, 203
129, 121, 119
245, 246, 251
255, 255, 255
91, 90, 95
230, 233, 242
106, 112, 126
179, 166, 150
193, 197, 208
84, 41, 60
111, 109, 123
75, 73, 86
223, 222, 228
252, 252, 254
191, 171, 147
229, 77, 89
66, 63, 90
242, 240, 241
77, 117, 116
237, 240, 245
78, 78, 80
122, 117, 123
190, 190, 192
75, 74, 82
93, 88, 92
144, 57, 63
123, 121, 124
207, 202, 209
174, 173, 179
246, 245, 251
240, 236, 233
242, 241, 247
169, 94, 39
152, 151, 156
202, 193, 176
59, 77, 77
54, 57, 88
139, 153, 192
37, 63, 96
252, 213, 214
53, 85, 126
227, 227, 229
176, 195, 212
69, 12, 19
223, 214, 205
255, 228, 233
178, 160, 136
192, 211, 225
119, 119, 121
217, 217, 219
89, 89, 89
251, 251, 253
191, 173, 153
195, 179, 166
238, 166, 190
233, 232, 238
45, 56, 88
182, 180, 185
93, 48, 53
230, 231, 235
55, 118, 171
225, 242, 250
106, 107, 112
253, 253, 255
183, 171, 159
81, 89, 100
218, 218, 220
205, 206, 210
58, 70, 96
202, 210, 223
199, 202, 209
255, 255, 255
242, 242, 244
45, 63, 99
251, 225, 198
82, 78, 95
80, 80, 82
62, 59, 90
74, 75, 79
241, 241, 241
82, 69, 52
196, 175, 156
139, 155, 178
72, 69, 86
177, 176, 182
171, 170, 176
98, 92, 68
108, 102, 78
83, 101, 123
236, 236, 238
251, 249, 250
173, 184, 202
145, 149, 160
93, 80, 64
201, 190, 172
196, 196, 208
116, 120, 121
233, 234, 239
192, 174, 152
139, 161, 202
130, 161, 189
252, 252, 254
192, 192, 200
234, 234, 236
90, 67, 73
78, 70, 83
42, 50, 87
247, 246, 252
226, 227, 232
97, 95, 98
84, 109, 131
121, 158, 187
64, 69, 99
61, 62, 92
193, 179, 153
181, 177, 176
125, 123, 126
75, 71, 86
171, 189, 189
241, 246, 250
78, 72, 84
237, 236, 242
70, 71, 91
251, 249, 250
109, 67, 27
71, 60, 30
82, 74, 72
195, 194, 202
131, 162, 191
111, 148, 193
62, 73, 95
236, 235, 241
75, 79, 88
238, 238, 246
161, 1, 29
225, 223, 228
188, 186, 189
60, 71, 103
77, 75, 80
79, 74, 80
77, 77, 79
245, 244, 250
89, 83, 93
171, 170, 176
207, 205, 206
210, 210, 212
190, 109, 44
247, 250, 255
231, 112, 108
110, 117, 135
222, 204, 180
138, 136, 139
65, 70, 90
229, 74, 80
137, 52, 57
76, 74, 88
118, 120, 132
87, 75, 49
176, 189, 197
177, 177, 189
105, 104, 110
226, 225, 231
165, 169, 180
179, 182, 189
218, 209, 192
161, 195, 222
119, 119, 121
244, 243, 249
193, 193, 193
229, 228, 234
86, 139, 215
251, 252, 246
77, 75, 80
239, 239, 241
252, 125, 132
134, 128, 130
60, 72, 88
36, 53, 96
210, 201, 184
35, 42, 86
225, 225, 227
231, 231, 233
113, 114, 119
130, 132, 145
195, 202, 212
255, 192, 187
81, 76, 80
80, 78, 79
244, 240, 231
55, 60, 90
131, 102, 86
220, 212, 165
85, 101, 152
246, 255, 255
220, 213, 197
35, 74, 73
120, 150, 176
215, 230, 235
81, 75, 87
249, 249, 251
80, 96, 96
85, 82, 89
96, 94, 97
16, 142, 183
193, 189, 186
254, 254, 254
182, 180, 183
249, 249, 251
86, 84, 89
238, 237, 243
40, 49, 88
247, 245, 250
197, 198, 203
254, 254, 254
119, 119, 119
240, 240, 240
203, 176, 147
253, 243, 242
108, 107, 112
246, 246, 248
114, 113, 119
201, 202, 207
76, 75, 81
215, 215, 217
137, 140, 149
77, 76, 82
223, 227, 230
238, 238, 240
176, 174, 179
207, 73, 74
194, 200, 214
229, 228, 234
112, 113, 115
80, 77, 86
176, 131, 110
188, 186, 191
85, 85, 87
241, 240, 246
59, 92, 127
244, 192, 194
180, 180, 182
81, 28, 34
221, 225, 198
80, 75, 81
73, 71, 85
171, 174, 183
143, 141, 142
57, 113, 138
76, 111, 153
142, 140, 128
233, 115, 113
175, 176, 178
147, 147, 149
126, 125, 131
106, 94, 98
90, 103, 138
229, 238, 245
192, 191, 196
184, 183, 181
36, 88, 112
188, 170, 146
229, 227, 232
108, 136, 77
225, 247, 183
250, 250, 252
234, 243, 252
211, 209, 210
79, 78, 84
74, 72, 86
224, 225, 230
185, 195, 204
232, 214, 192
112, 108, 99
144, 140, 137
163, 162, 168
75, 74, 82
78, 77, 83
222, 222, 224
108, 107, 113
242, 241, 247
132, 134, 147
124, 125, 130
229, 238, 247
248, 250, 255
86, 84, 85
77, 75, 78
63, 69, 93
250, 250, 250
145, 145, 145
234, 244, 246
57, 75, 85
244, 244, 246
192, 190, 193
77, 75, 80
197, 195, 198
244, 244, 244
138, 139, 141
252, 251, 255
140, 127, 121
160, 156, 157
74, 76, 89
213, 213, 213
226, 227, 232
235, 236, 238
217, 217, 219
187, 189, 201
211, 181, 157
209, 154, 51
209, 202, 186
69, 70, 100
189, 171, 151
124, 159, 199
140, 139, 144
231, 229, 230
66, 69, 88
64, 69, 89
234, 234, 234
192, 192, 192
224, 217, 201
118, 107, 115
138, 138, 140
83, 72, 76
93, 99, 99
226, 226, 226
177, 172, 176
246, 245, 251
200, 191, 182
208, 213, 217
183, 168, 145
105, 101, 98
207, 116, 97
247, 246, 252
87, 87, 89
101, 94, 78
57, 56, 87
235, 80, 86
94, 89, 95
79, 79, 81
81, 76, 82
77, 75, 80
99, 89, 88
179, 179, 181
254, 254, 254
213, 212, 218
184, 164, 140
152, 1, 20
123, 123, 125
255, 255, 253
188, 32, 45
255, 240, 243
175, 156, 141
237, 237, 239
167, 62, 67
90, 85, 91
222, 213, 196
249, 234, 241
97, 85, 87
245, 68, 74
86, 84, 89
166, 161, 155
85, 89, 92
177, 177, 179
56, 59, 90
228, 232, 244
87, 85, 86
212, 212, 212
202, 196, 174
35, 58, 90
66, 71, 90
85, 93, 112
56, 62, 94
253, 253, 255
81, 91, 101
222, 168, 34
205, 111, 112
131, 133, 148
204, 192, 166
56, 102, 125
171, 255, 255
158, 119, 86
75, 90, 87
244, 242, 247
81, 28, 34
115, 121, 135
224, 223, 219
242, 242, 242
43, 61, 107
80, 79, 111
59, 63, 92
224, 228, 240
114, 106, 93
238, 238, 240
122, 126, 135
88, 86, 100
81, 75, 77
71, 68, 87
189, 187, 192
245, 110, 107
224, 223, 221
232, 232, 232
233, 232, 228
76, 74, 85
107, 105, 119
90, 47, 57
109, 108, 113
100, 99, 107
54, 61, 89
130, 140, 103
169, 168, 176
232, 230, 231
152, 155, 162
57, 66, 97
184, 184, 186
239, 238, 244
164, 159, 155
109, 149, 200
171, 189, 203
139, 125, 90
183, 192, 197
254, 255, 255
113, 113, 113
105, 78, 61
102, 66, 70
231, 231, 233
66, 68, 91
200, 199, 205
218, 209, 192
55, 60, 89
80, 80, 80
218, 218, 220
187, 166, 135
198, 223, 202
83, 83, 85
78, 75, 84
77, 77, 65
187, 186, 192
119, 107, 121
202, 203, 207
79, 74, 80
238, 237, 242
185, 185, 187
252, 255, 255
154, 153, 158
252, 252, 254
201, 183, 163
229, 228, 234
32, 52, 89
141, 140, 146
61, 67, 91
195, 193, 194
74, 72, 85
68, 27, 0
211, 212, 216
190, 157, 126
73, 75, 90
85, 41, 58
82, 79, 86
62, 76, 103
32, 112, 121
110, 103, 110
68, 135, 144
238, 238, 240
72, 16, 25
51, 69, 93
110, 99, 107
192, 189, 184
81, 78, 87
234, 233, 239
199, 204, 208
95, 51, 66
218, 211, 195
123, 47, 57
94, 92, 93
1, 34, 129
124, 137, 146
120, 136, 172
78, 77, 75
216, 216, 216
227, 189, 166
247, 250, 255
126, 127, 131
159, 162, 167
199, 190, 181
160, 125, 132
41, 60, 103
241, 241, 243
58, 62, 89
223, 222, 227
138, 136, 150
254, 254, 254
104, 102, 105
236, 235, 243
214, 214, 214
196, 195, 193
88, 86, 91
85, 84, 89
33, 58, 89
188, 188, 190
178, 157, 136
228, 226, 227
86, 85, 91
157, 133, 105
103, 9, 23
192, 0, 37
139, 147, 160
26, 85, 115
68, 78, 79
158, 161, 168
249, 249, 251
81, 81, 83
105, 63, 47
255, 250, 231
219, 229, 239
216, 215, 221
74, 71, 88
242, 243, 247
184, 191, 197
163, 163, 161
228, 227, 232
244, 243, 249
78, 75, 82
200, 199, 204
155, 177, 200
240, 240, 242
75, 74, 54
235, 235, 237
40, 104, 87
16, 128, 116
193, 176, 156
255, 224, 229
83, 71, 75
233, 237, 248
84, 83, 88
131, 126, 132
254, 254, 254
124, 123, 128
116, 117, 122
202, 106, 110
79, 77, 80
243, 241, 246
253, 254, 248
126, 117, 120
56, 69, 103
151, 68, 76
215, 215, 217
233, 232, 230
187, 201, 212
242, 241, 247
223, 196, 175
49, 53, 88
82, 82, 84
157, 149, 146
138, 131, 139
251, 251, 253
56, 61, 90
40, 58, 106
246, 246, 246
236, 211, 85
170, 171, 176
154, 155, 160
213, 211, 214
247, 246, 252
86, 82, 81
245, 245, 247
90, 102, 118
206, 205, 211
226, 235, 244
234, 234, 236
59, 65, 91
253, 253, 255
169, 169, 171
236, 236, 238
80, 78, 83
234, 239, 243
83, 82, 87
241, 240, 246
198, 206, 219
251, 250, 255
67, 63, 88
225, 225, 227
129, 128, 126
218, 217, 215
189, 187, 192
247, 246, 252
74, 76, 91
229, 178, 95
193, 176, 156
236, 239, 246
147, 146, 152
2, 121, 153
190, 172, 150
246, 245, 251
212, 196, 171
228, 226, 152
170, 95, 40
221, 219, 220
208, 214, 226
238, 243, 249
67, 86, 142
254, 254, 254
202, 210, 213
61, 65, 90
214, 197, 177
247, 247, 249
139, 170, 199
222, 220, 225
147, 116, 114
68, 64, 87
70, 72, 87
254, 255, 255
190, 191, 186
78, 112, 150
184, 171, 155
125, 133, 152
90, 81, 52
186, 185, 165
85, 86, 91
186, 185, 193
205, 208, 217
237, 236, 242
83, 83, 85
152, 151, 157
142, 162, 187
234, 234, 236
59, 64, 93
68, 65, 96
158, 156, 161
79, 74, 78
37, 51, 88
64, 103, 158
58, 67, 122
105, 146, 192
200, 217, 233
232, 231, 237
251, 251, 251
80, 76, 73
212, 196, 171
170, 169, 175
82, 80, 85
190, 188, 191
136, 148, 188
253, 253, 253
245, 241, 240
48, 66, 90
231, 230, 228
193, 191, 192
202, 196, 184
123, 125, 150
72, 75, 92
221, 226, 232
140, 120, 96
250, 250, 252
80, 80, 82
249, 248, 253
57, 63, 89
93, 95, 116
133, 133, 133
245, 245, 247
156, 175, 192
178, 177, 175
74, 72, 85
221, 222, 226
176, 174, 177
84, 45, 64
199, 197, 200
87, 53, 77
208, 171, 165
219, 183, 169
105, 100, 107
87, 39, 51
104, 99, 106
249, 249, 251
186, 185, 183
251, 251, 253
121, 120, 125
88, 26, 37
239, 239, 241
247, 246, 251
178, 125, 133
244, 242, 247
209, 207, 208
248, 162, 161
74, 72, 85
79, 74, 80
109, 105, 104
255, 255, 255
127, 139, 153
74, 75, 80
49, 63, 92
181, 181, 183
134, 129, 126
246, 245, 251
119, 118, 126
86, 30, 43
85, 117, 155
70, 74, 85
230, 230, 232
240, 240, 242
235, 235, 237
236, 235, 241
208, 195, 179
58, 64, 90
24, 71, 89
255, 255, 255
182, 0, 23
88, 87, 92
234, 227, 219
81, 74, 82
45, 58, 90
180, 208, 194
101, 101, 101
2, 122, 208
82, 73, 76
255, 253, 255
88, 89, 91
242, 241, 247
137, 143, 155
79, 80, 85
91, 96, 100
240, 239, 245
76, 76, 78
244, 243, 249
219, 211, 200
16, 94, 142
56, 61, 90
253, 253, 255
97, 100, 107
124, 130, 142
78, 78, 90
78, 80, 105
232, 233, 238
252, 252, 254
224, 225, 230
105, 97, 118
85, 82, 89
124, 112, 90
191, 198, 204
89, 47, 61
88, 86, 87
1, 148, 103
102, 100, 101
244, 242, 245
204, 187, 167
200, 200, 200
76, 74, 85
57, 73, 88
159, 173, 184
83, 82, 88
88, 88, 88
255, 237, 237
74, 75, 79
213, 225, 239
80, 78, 81
216, 217, 222
151, 145, 133
239, 237, 238
51, 56, 88
236, 235, 241
85, 83, 86
54, 74, 98
78, 77, 75
255, 255, 251
206, 180, 145
246, 246, 248
215, 215, 217
240, 240, 242
4, 150, 129
246, 245, 251
216, 52, 77
238, 234, 235
206, 180, 147
246, 246, 248
181, 143, 106
99, 138, 181
60, 111, 168
194, 211, 231
102, 102, 102
246, 246, 248
78, 76, 77
244, 242, 247
82, 85, 94
91, 31, 31
57, 61, 90
213, 194, 179
224, 234, 244
197, 196, 202
75, 74, 82
73, 90, 134
226, 226, 226
245, 245, 247
217, 191, 166
155, 154, 160
160, 159, 157
238, 237, 243
227, 224, 219
242, 241, 239
137, 124, 105
231, 214, 194
66, 69, 88
237, 236, 242
95, 99, 108
104, 108, 119
226, 226, 228
159, 179, 204
214, 203, 185
86, 146, 72
139, 189, 226
250, 249, 247
84, 88, 91
244, 243, 249
170, 169, 175
247, 246, 252
175, 180, 184
214, 214, 214
207, 191, 166
234, 233, 169
79, 71, 82
167, 138, 122
166, 187, 206
237, 238, 243
90, 85, 91
201, 200, 208
232, 235, 242
246, 245, 251
83, 116, 147
224, 223, 229
214, 197, 179
222, 227, 231
96, 95, 93
125, 123, 126
63, 110, 166
83, 143, 197
254, 250, 247
248, 249, 244
241, 241, 239
249, 249, 249
133, 131, 132
131, 112, 82
188, 180, 167
87, 42, 49
77, 76, 81
247, 247, 249
78, 77, 83
238, 238, 238
78, 77, 85
229, 230, 235
87, 82, 86
204, 205, 210
55, 60, 89
251, 251, 253
61, 73, 99
69, 74, 93
77, 78, 82
180, 180, 182
62, 78, 78
229, 229, 229
123, 65, 61
246, 245, 251
189, 155, 128
144, 113, 111
58, 62, 89
59, 79, 77
69, 72, 89
88, 96, 115
227, 226, 224
36, 49, 94
181, 166, 145
240, 238, 239
66, 67, 88
252, 252, 254
76, 75, 81
92, 89, 96
72, 75, 92
238, 237, 243
234, 234, 236
80, 79, 85
107, 106, 102
190, 189, 194
232, 228, 225
227, 225, 226
198, 197, 203
224, 223, 229
92, 93, 98
172, 172, 174
124, 124, 126
244, 244, 246
57, 62, 91
213, 214, 219
60, 70, 105
249, 249, 251
72, 76, 79
105, 105, 105
95, 94, 92
98, 75, 57
99, 98, 103
156, 155, 151
214, 58, 80
242, 238, 239
64, 69, 89
73, 72, 86
81, 94, 100
214, 214, 212
139, 137, 138
160, 159, 165
210, 163, 143
241, 239, 240
139, 152, 161
220, 220, 218
72, 73, 94
153, 156, 175
146, 142, 143
242, 242, 244
236, 236, 238
55, 60, 90
204, 207, 196
233, 232, 238
76, 74, 85
81, 85, 112
92, 93, 97
215, 215, 215
121, 155, 183
173, 136, 143
69, 69, 93
55, 78, 92
181, 120, 101
251, 252, 246
116, 116, 118
249, 249, 251
73, 72, 90
249, 246, 239
79, 79, 81
237, 238, 242
216, 229, 238
239, 238, 244
79, 77, 80
193, 192, 197
212, 182, 154
238, 237, 233
91, 89, 94
106, 49, 82
134, 132, 133
180, 179, 177
65, 69, 98
95, 130, 170
77, 75, 80
227, 169, 0
79, 79, 81
249, 248, 253
56, 61, 90
61, 67, 91
189, 170, 140
204, 185, 213
228, 227, 233
168, 168, 178
154, 152, 157
79, 74, 80
130, 130, 132
239, 238, 244
122, 121, 126
77, 74, 83
66, 74, 85
207, 241, 243
235, 234, 240
101, 138, 183
156, 172, 185
244, 243, 249
208, 217, 226
207, 237, 239
82, 29, 37
81, 84, 89
84, 87, 128
254, 254, 254
85, 117, 156
230, 231, 236
79, 78, 74
207, 198, 191
76, 71, 52
244, 243, 241
191, 155, 119
206, 205, 210
49, 64, 95
76, 17, 19
110, 108, 111
255, 255, 255
242, 241, 247
240, 239, 245
147, 141, 129
77, 74, 65
45, 67, 117
53, 78, 132
108, 103, 107
255, 255, 250
90, 90, 92
235, 236, 241
178, 144, 107
177, 175, 176
235, 234, 240
18, 68, 167
247, 242, 238
254, 254, 254
165, 101, 73
240, 236, 237
89, 87, 90
181, 176, 183
197, 196, 194
106, 43, 54
94, 92, 80
74, 72, 85
86, 87, 89
140, 138, 141
73, 71, 85
180, 76, 83
74, 75, 80
83, 134, 161
248, 248, 248
248, 249, 253
218, 209, 192
97, 92, 98
183, 182, 187
84, 85, 89
98, 97, 103
228, 227, 233
208, 197, 177
237, 235, 238
255, 255, 255
254, 254, 254
67, 73, 87
242, 241, 247
227, 236, 245
85, 128, 183
219, 210, 193
69, 72, 89
80, 106, 141
104, 103, 108
187, 187, 189
7, 80, 112
160, 33, 44
242, 242, 244
143, 176, 207
172, 202, 226
73, 71, 85
237, 242, 248
99, 100, 104
26, 82, 105
189, 189, 191
50, 61, 115
87, 85, 90
189, 187, 190
74, 75, 80
239, 238, 244
203, 197, 185
218, 216, 217
227, 202, 195
238, 236, 241
202, 205, 210
237, 236, 242
231, 231, 233
77, 74, 81
214, 201, 185
73, 120, 198
78, 72, 82
112, 36, 46
141, 131, 122
101, 43, 57
210, 153, 38
226, 224, 229
214, 202, 178
95, 123, 137
240, 239, 245
254, 254, 254
187, 185, 188
250, 250, 252
197, 189, 176
185, 108, 38
74, 75, 80
126, 173, 189
110, 145, 177
203, 229, 242
225, 223, 224
223, 221, 222
228, 237, 246
249, 253, 255
61, 73, 99
252, 252, 252
214, 213, 218
219, 220, 224
84, 80, 105
225, 226, 231
255, 245, 255
185, 174, 188
169, 170, 172
244, 245, 250
230, 231, 236
222, 234, 246
223, 236, 245
240, 247, 255
162, 162, 164
79, 22, 31
248, 235, 226
103, 75, 51
80, 75, 82
77, 74, 83
183, 88, 92
130, 130, 140
58, 75, 127
96, 95, 103
49, 70, 89
38, 76, 99
95, 27, 38
252, 252, 254
32, 46, 83
248, 251, 255
83, 79, 93
78, 76, 89
117, 153, 189
219, 204, 211
228, 228, 226
254, 254, 254
197, 180, 160
242, 239, 246
199, 202, 209
152, 139, 123
86, 116, 152
124, 168, 207
96, 48, 60
252, 253, 247
86, 80, 80
81, 76, 80
201, 40, 56
200, 195, 192
174, 156, 132
197, 215, 227
202, 197, 194
185, 194, 203
80, 74, 74
64, 114, 137
89, 51, 62
89, 51, 64
84, 21, 30
229, 228, 233
67, 73, 89
253, 253, 255
211, 210, 216
243, 242, 248
104, 86, 66
122, 112, 113
105, 99, 113
69, 91, 138
136, 138, 151
41, 51, 87
158, 155, 162
237, 235, 238
76, 74, 88
250, 250, 252
61, 65, 90
57, 61, 90
87, 88, 92
116, 122, 138
196, 194, 197
245, 244, 250
133, 141, 154
75, 76, 81
166, 184, 198
219, 218, 226
78, 77, 83
83, 81, 86
77, 69, 93
170, 168, 179
192, 192, 194
237, 235, 240
186, 183, 178
154, 150, 147
81, 79, 80
235, 245, 247
53, 65, 91
252, 252, 252
51, 56, 88
234, 235, 240
93, 127, 162
247, 246, 252
171, 171, 171
97, 91, 101
145, 123, 100
128, 132, 144
172, 170, 171
222, 221, 219
113, 119, 141
251, 251, 253
213, 198, 179
191, 1, 29
221, 221, 223
214, 214, 216
77, 76, 82
117, 120, 127
141, 128, 112
72, 80, 91
69, 73, 85
210, 232, 243
127, 125, 126
188, 186, 187
201, 194, 178
216, 216, 218
53, 63, 90
221, 220, 226
45, 60, 91
190, 190, 190
184, 184, 186
235, 234, 240
195, 37, 52
200, 195, 192
110, 103, 111
200, 199, 205
76, 82, 96
193, 84, 89
139, 136, 131
23, 95, 193
192, 196, 199
224, 222, 225
95, 96, 100
201, 218, 234
33, 51, 87
176, 174, 179
138, 136, 137
78, 72, 84
53, 58, 88
60, 65, 95
113, 74, 59
255, 255, 253
71, 76, 82
229, 229, 231
212, 1, 36
220, 218, 223
139, 146, 154
243, 243, 245
103, 33, 43
67, 73, 107
113, 109, 110
68, 72, 117
100, 64, 52
225, 226, 230
255, 255, 253
132, 121, 127
90, 87, 82
248, 248, 250
59, 65, 89
246, 245, 251
97, 95, 96
241, 237, 234
165, 164, 169
220, 168, 33
84, 83, 89
228, 228, 230
87, 87, 87
7, 93, 194
207, 196, 178
209, 207, 208
79, 74, 80
237, 236, 242
79, 77, 78
246, 246, 246
77, 74, 81
124, 112, 90
78, 75, 82
80, 114, 152
170, 168, 171
214, 212, 213
48, 65, 91
133, 131, 134
237, 205, 208
232, 241, 250
243, 241, 242
58, 88, 150
212, 205, 189
36, 43, 89
54, 92, 111
28, 84, 109
129, 129, 131
248, 247, 253
69, 98, 132
73, 76, 85
79, 74, 80
233, 236, 241
206, 206, 208
145, 146, 164
80, 78, 81
243, 243, 245
224, 223, 229
232, 231, 237
59, 64, 93
167, 40, 49
182, 164, 150
230, 229, 235
108, 109, 113
251, 252, 255
167, 103, 41
55, 65, 90
243, 241, 246
73, 122, 191
55, 60, 90
252, 252, 254
150, 136, 136
237, 238, 242
172, 186, 199
228, 229, 233
222, 214, 203
240, 241, 245
201, 195, 183
215, 75, 78
110, 105, 111
255, 255, 255
73, 71, 85
255, 254, 255
92, 91, 89
245, 125, 109
205, 204, 199
246, 244, 245
127, 125, 128
164, 164, 162
63, 72, 105
253, 248, 245
34, 94, 120
224, 224, 226
99, 29, 31
71, 74, 83
96, 39, 46
244, 244, 246
86, 82, 81
189, 71, 71
188, 187, 193
241, 240, 245
72, 71, 85
75, 77, 92
181, 89, 100
252, 252, 252
92, 138, 171
30, 74, 103
176, 175, 181
248, 247, 253
96, 59, 51
220, 211, 152
66, 77, 95
199, 190, 195
150, 149, 145
246, 245, 251
205, 197, 186
72, 17, 22
205, 187, 173
162, 164, 176
77, 78, 73
223, 223, 225
84, 80, 77
255, 255, 255
140, 120, 95
252, 252, 252
183, 165, 145
249, 249, 251
33, 51, 91
60, 91, 137
140, 140, 142
74, 75, 80
87, 79, 77
89, 41, 53
70, 62, 86
219, 218, 224
89, 98, 93
129, 150, 131
237, 234, 229
242, 238, 235
140, 144, 153
231, 230, 236
93, 91, 94
76, 73, 82
186, 162, 128
145, 62, 70
82, 77, 81
111, 95, 72
130, 130, 132
98, 19, 24
131, 128, 139
199, 193, 203
75, 73, 84
199, 228, 234
156, 157, 161
204, 203, 209
145, 168, 184
255, 234, 141
69, 73, 85
247, 247, 249
71, 73, 86
78, 75, 84
57, 66, 95
175, 192, 208
85, 84, 89
46, 50, 85
95, 93, 94
219, 218, 216
207, 200, 182
108, 36, 47
87, 78, 69
91, 35, 44
74, 96, 109
74, 73, 87
219, 219, 221
158, 178, 203
78, 76, 79
245, 245, 247
74, 70, 85
253, 253, 253
214, 215, 219
86, 74, 84
85, 80, 87
220, 219, 225
214, 209, 206
212, 210, 211
219, 215, 216
205, 205, 207
205, 188, 168
91, 90, 98
82, 76, 80
249, 249, 251
213, 205, 194
195, 227, 216
68, 9, 13
127, 36, 43
204, 103, 107
204, 103, 107
98, 103, 107
244, 243, 249
211, 210, 215
143, 137, 111
58, 63, 95
133, 128, 134
188, 103, 38
180, 186, 200
122, 163, 183
236, 236, 236
193, 180, 164
108, 51, 66
79, 77, 80
197, 196, 201
76, 76, 88
240, 241, 246
185, 167, 145
212, 212, 222
85, 83, 86
232, 235, 240
136, 136, 144
227, 228, 233
63, 70, 88
74, 72, 85
54, 61, 89
240, 240, 242
233, 89, 80
252, 252, 254
199, 215, 230
95, 106, 124
134, 103, 75
242, 242, 244
79, 77, 78
255, 225, 223
212, 204, 193
233, 233, 235
117, 115, 118
219, 219, 221
94, 95, 97
236, 235, 243
84, 78, 78
66, 67, 88
96, 95, 101
3, 51, 89
203, 144, 88
220, 219, 227
90, 88, 101
243, 242, 248
71, 85, 112
121, 56, 62
31, 20, 63
204, 198, 200
174, 172, 177
218, 216, 217
94, 88, 92
63, 69, 95
91, 89, 102
222, 232, 242
212, 212, 214
24, 78, 55
76, 79, 96
140, 145, 165
105, 103, 104
223, 222, 218
79, 75, 74
248, 248, 248
78, 75, 86
119, 82, 56
224, 185, 188
232, 241, 250
206, 202, 203
135, 164, 194
43, 53, 88
252, 252, 252
213, 200, 181
247, 164, 160
109, 108, 113
93, 12, 21
186, 187, 189
230, 228, 229
225, 225, 225
169, 169, 171
233, 222, 228
251, 251, 253
223, 221, 222
246, 246, 248
52, 57, 89
107, 150, 192
41, 78, 96
75, 73, 86
198, 184, 171
231, 230, 236
176, 174, 179
116, 175, 215
240, 233, 225
253, 253, 253
83, 81, 86
235, 178, 3
127, 125, 128
93, 46, 56
102, 102, 102
193, 192, 198
236, 236, 238
94, 87, 95
246, 183, 140
245, 245, 247
94, 91, 100
75, 71, 86
82, 73, 78
227, 226, 224
199, 182, 156
202, 123, 57
215, 188, 167
143, 142, 138
137, 127, 92
241, 241, 241
198, 197, 205
253, 253, 253
109, 103, 113
254, 255, 255
230, 230, 232
99, 100, 102
74, 75, 80
233, 232, 238
215, 205, 180
85, 111, 124
167, 181, 182
236, 244, 247
212, 203, 186
65, 71, 95
75, 76, 81
252, 252, 252
215, 203, 187
245, 245, 247
172, 168, 165
246, 245, 251
158, 148, 139
70, 67, 88
115, 117, 116
226, 226, 228
181, 180, 186
243, 240, 247
92, 91, 89
148, 139, 134
187, 190, 195
237, 236, 242
86, 75, 57
197, 193, 190
94, 93, 91
23, 164, 191
153, 152, 148
255, 254, 255
81, 81, 83
172, 212, 220
164, 176, 188
226, 225, 233
109, 160, 205
170, 165, 159
88, 88, 90
101, 85, 62
83, 82, 87
86, 85, 91
209, 131, 59
248, 251, 255
75, 72, 83
237, 237, 239
162, 160, 161
104, 110, 162
127, 125, 130
88, 45, 65
206, 204, 205
88, 42, 52
50, 58, 97
74, 76, 89
77, 76, 81
97, 90, 71
93, 35, 34
252, 252, 254
149, 147, 148
246, 246, 248
89, 87, 101
244, 245, 249
103, 103, 105
202, 193, 186
224, 186, 139
229, 64, 70
91, 76, 57
251, 251, 253
84, 79, 83
226, 229, 234
215, 206, 189
77, 75, 80
81, 75, 77
249, 250, 245
34, 50, 86
248, 248, 250
64, 73, 90
255, 255, 255
60, 64, 89
110, 99, 71
78, 76, 79
83, 81, 95
221, 221, 221
93, 132, 175
96, 96, 104
224, 223, 231
60, 73, 108
146, 145, 151
181, 182, 187
161, 162, 167
84, 74, 75
246, 245, 251
79, 77, 80
243, 242, 248
170, 166, 163
75, 80, 110
83, 73, 72
243, 243, 245
43, 58, 89
218, 216, 221
113, 111, 112
58, 68, 95
84, 105, 136
237, 236, 242
164, 165, 169
82, 27, 33
140, 148, 161
87, 42, 63
148, 158, 185
223, 221, 224
53, 66, 100
181, 185, 188
63, 64, 95
251, 250, 255
228, 234, 200
247, 247, 249
72, 73, 91
67, 68, 88
51, 59, 98
77, 75, 76
223, 214, 205
252, 251, 249
85, 84, 82
123, 119, 118
218, 191, 170
128, 116, 90
213, 202, 184
89, 46, 56
221, 217, 218
130, 159, 189
189, 172, 144
156, 221, 223
142, 143, 148
82, 81, 87
65, 73, 109
253, 253, 253
72, 78, 78
195, 193, 194
89, 112, 143
251, 251, 253
87, 85, 88
79, 74, 80
82, 76, 78
245, 245, 247
206, 205, 211
79, 74, 81
81, 75, 77
124, 108, 85
184, 182, 185
240, 239, 245
74, 17, 24
252, 252, 252
171, 159, 137
169, 218, 225
93, 93, 95
240, 239, 245
74, 73, 55
238, 239, 244
181, 200, 207
171, 146, 106
103, 50, 66
96, 48, 60
242, 242, 244
209, 178, 150
226, 235, 244
204, 204, 206
88, 39, 42
101, 94, 76
85, 88, 103
50, 55, 87
135, 133, 134
220, 218, 219
75, 76, 81
204, 203, 209
89, 88, 93
204, 208, 211
200, 180, 91
204, 160, 1
80, 94, 120
76, 90, 117
228, 228, 218
255, 255, 246
208, 207, 212
77, 71, 85
100, 100, 102
245, 245, 247
205, 1, 28
254, 254, 254
78, 76, 79
89, 85, 100
81, 77, 74
234, 234, 236
81, 76, 82
194, 193, 198
173, 191, 205
234, 231, 226
78, 78, 78
239, 240, 235
36, 59, 90
156, 73, 81
79, 102, 144
197, 193, 192
56, 61, 90
232, 232, 234
89, 87, 90
157, 62, 60
195, 224, 232
236, 235, 241
188, 170, 148
243, 240, 247
53, 60, 89
98, 123, 164
99, 128, 160
71, 74, 83
154, 172, 184
250, 250, 252
129, 128, 124
229, 227, 230
130, 107, 76
248, 246, 247
168, 149, 153
221, 221, 223
109, 112, 121
250, 251, 246
149, 165, 178
166, 126, 134
72, 83, 129
252, 252, 254
129, 162, 193
227, 236, 245
165, 132, 117
104, 68, 52
193, 178, 157
240, 239, 245
228, 182, 84
92, 82, 80
194, 183, 165
232, 237, 241
220, 213, 197
132, 50, 62
85, 86, 90
240, 241, 245
217, 206, 184
129, 50, 56
54, 64, 91
214, 158, 83
226, 226, 226
169, 169, 171
75, 74, 82
236, 198, 101
212, 212, 214
239, 239, 241
204, 201, 196
243, 242, 238
189, 177, 155
90, 78, 62
235, 234, 240
238, 237, 243
209, 45, 46
247, 246, 252
131, 109, 86
138, 170, 195
80, 81, 86
83, 82, 87
78, 77, 82
248, 248, 250
58, 65, 91
53, 59, 93
223, 214, 205
238, 238, 240
65, 72, 90
138, 136, 137
187, 176, 158
192, 214, 238
91, 80, 78
113, 113, 125
52, 63, 93
226, 237, 241
202, 191, 173
89, 46, 56
191, 189, 192
250, 250, 252
182, 182, 184
247, 246, 252
79, 77, 78
222, 220, 221
87, 73, 70
247, 246, 252
230, 230, 232
222, 222, 224
198, 165, 122
83, 73, 74
43, 56, 88
248, 248, 250
188, 187, 193
234, 233, 239
75, 74, 82
75, 72, 83
87, 74, 58
1, 136, 184
78, 76, 79
226, 167, 1
84, 35, 38
77, 75, 80
110, 129, 144
183, 184, 189
76, 75, 81
189, 194, 198
119, 116, 133
81, 77, 66
172, 182, 191
79, 74, 45
137, 135, 140
250, 250, 252
53, 58, 88
253, 253, 255
227, 149, 85
248, 247, 253
85, 75, 74
124, 108, 85
99, 90, 85
17, 68, 95
174, 169, 173
225, 225, 227
88, 82, 66
89, 76, 59
197, 195, 196
245, 157, 156
82, 108, 123
247, 247, 249
157, 187, 215
246, 245, 251
82, 80, 83
233, 233, 235
174, 154, 130
234, 233, 239
231, 230, 226
62, 94, 135
87, 126, 157
240, 240, 242
141, 145, 157
134, 156, 197
104, 102, 113
64, 64, 88
163, 179, 192
237, 236, 242
220, 221, 226
218, 136, 140
124, 122, 135
75, 71, 96
88, 68, 44
68, 101, 144
46, 59, 111
80, 118, 167
229, 228, 233
78, 79, 84
205, 199, 187
73, 76, 81
81, 95, 156
254, 254, 254
100, 101, 105
92, 141, 184
66, 77, 81
79, 78, 73
57, 61, 90
254, 254, 254
242, 240, 241
64, 64, 92
188, 164, 130
149, 144, 151
189, 95, 96
132, 132, 142
229, 228, 234
91, 89, 92
83, 82, 87
233, 232, 238
236, 237, 241
60, 64, 91
47, 60, 94
159, 173, 199
57, 69, 109
240, 239, 245
88, 88, 98
229, 230, 235
184, 183, 181
230, 230, 230
87, 82, 88
76, 75, 81
200, 199, 205
219, 218, 224
56, 61, 90
249, 245, 236
209, 192, 172
195, 199, 210
66, 69, 88
234, 234, 236
253, 253, 255
253, 253, 255
214, 198, 183
76, 108, 155
31, 150, 131
247, 246, 252
244, 243, 241
91, 85, 85
77, 77, 79
234, 235, 240
203, 200, 191
249, 249, 239
194, 194, 196
119, 118, 123
195, 40, 48
242, 240, 245
79, 78, 76
236, 236, 236
89, 53, 41
250, 176, 175
141, 140, 145
218, 216, 219
198, 181, 155
249, 170, 166
245, 244, 250
79, 77, 78
143, 146, 155
125, 97, 86
112, 107, 114
251, 250, 255
86, 90, 117
94, 99, 129
109, 142, 173
214, 229, 234
156, 157, 161
240, 243, 248
60, 66, 90
232, 194, 113
96, 69, 62
231, 230, 238
84, 87, 92
163, 71, 74
80, 73, 81
78, 72, 82
200, 180, 155
203, 220, 236
96, 94, 97
238, 154, 152
57, 61, 90
246, 244, 247
65, 73, 86
191, 191, 189
179, 188, 197
237, 224, 207
60, 72, 88
226, 225, 231
162, 161, 159
245, 243, 246
164, 162, 165
231, 230, 236
97, 97, 99
231, 230, 236
84, 59, 39
91, 91, 91
140, 149, 156
242, 242, 244
70, 76, 92
245, 186, 154
214, 198, 173
134, 124, 115
177, 190, 199
174, 151, 133
81, 79, 80
247, 247, 247
221, 214, 198
63, 121, 145
89, 56, 41
239, 237, 238
41, 58, 101
89, 88, 84
239, 239, 241
224, 224, 226
76, 76, 84
60, 59, 91
130, 130, 130
244, 243, 249
141, 148, 164
118, 111, 93
207, 191, 166
236, 235, 241
59, 102, 157
82, 139, 194
230, 230, 230
249, 249, 249
176, 152, 118
238, 237, 242
130, 132, 131
203, 4, 37
57, 70, 105
206, 1, 32
227, 226, 232
60, 64, 93
252, 252, 254
249, 249, 249
48, 65, 95
138, 140, 155
78, 77, 82
236, 235, 241
198, 185, 169
245, 246, 251
237, 151, 136
243, 243, 245
175, 203, 227
76, 73, 82
125, 127, 126
219, 219, 219
46, 59, 93
250, 245, 242
202, 196, 174
94, 28, 38
184, 181, 188
235, 234, 240
73, 71, 85
74, 72, 85
84, 83, 88
244, 243, 249
83, 87, 99
62, 64, 89
166, 132, 95
153, 120, 77
241, 239, 240
114, 72, 74
196, 189, 183
175, 174, 182
104, 132, 169
96, 98, 110
61, 0, 0
255, 158, 139
218, 207, 185
67, 69, 92
79, 77, 82
222, 221, 227
202, 194, 191
233, 232, 238
214, 201, 185
63, 102, 107
82, 51, 20
217, 143, 140
113, 97, 98
60, 72, 94
75, 102, 132
242, 240, 241
48, 57, 88
253, 253, 255
105, 102, 109
254, 254, 254
161, 170, 185
88, 103, 136
214, 214, 216
161, 161, 163
204, 193, 175
81, 79, 84
238, 237, 243
241, 240, 246
173, 168, 198
227, 225, 230
88, 89, 93
204, 119, 140
92, 92, 94
81, 60, 33
79, 76, 83
246, 245, 250
73, 71, 85
120, 117, 124
235, 236, 240
107, 124, 180
75, 75, 85
31, 54, 122
88, 82, 84
219, 217, 222
136, 162, 179
64, 87, 121
82, 61, 30
79, 113, 150
186, 179, 163
175, 96, 29
105, 103, 106
234, 241, 247
51, 56, 88
251, 250, 255
67, 65, 89
51, 80, 86
79, 77, 78
99, 98, 104
180, 160, 136
242, 240, 245
86, 85, 91
4, 53, 94
69, 76, 84
197, 142, 62
200, 204, 203
171, 171, 183
194, 68, 79
216, 214, 215
218, 217, 223
47, 47, 83
79, 76, 87
74, 72, 85
195, 182, 166
75, 76, 81
79, 78, 76
159, 159, 157
66, 70, 95
251, 251, 253
107, 92, 87
60, 64, 89
76, 73, 90
98, 41, 60
79, 76, 85
75, 73, 86
180, 183, 190
31, 49, 85
183, 127, 68
249, 249, 251
212, 188, 152
163, 159, 158
226, 225, 233
227, 228, 233
77, 76, 72
97, 96, 92
119, 168, 211
248, 249, 253
123, 124, 119
189, 188, 193
177, 168, 159
159, 150, 143
178, 162, 139
195, 193, 196
128, 33, 41
252, 252, 254
144, 154, 163
250, 251, 246
122, 133, 139
153, 168, 199
124, 119, 115
154, 142, 154
1, 78, 86
212, 211, 216
215, 215, 215
215, 212, 81
90, 88, 93
61, 79, 93
100, 101, 103
244, 243, 249
77, 76, 82
228, 227, 233
141, 173, 184
120, 167, 183
120, 107, 114
252, 252, 252
233, 164, 86
252, 252, 254
126, 123, 114
251, 251, 253
173, 189, 215
247, 245, 250
137, 112, 107
73, 76, 81
192, 183, 174
175, 184, 193
88, 79, 82
234, 232, 235
175, 173, 176
206, 205, 211
115, 113, 114
116, 115, 120
87, 85, 90
255, 255, 255
183, 182, 187
41, 51, 86
228, 227, 232
239, 238, 244
156, 7, 27
231, 217, 232
79, 82, 101
93, 37, 46
118, 117, 115
242, 242, 244
73, 71, 85
221, 228, 238
90, 90, 92
143, 41, 52
137, 131, 131
177, 173, 174
141, 139, 140
253, 253, 253
95, 81, 80
236, 237, 242
175, 208, 217
221, 219, 220
229, 229, 229
46, 62, 96
230, 224, 210
80, 93, 109
193, 133, 122
232, 110, 63
53, 60, 89
73, 75, 87
71, 81, 93
100, 99, 104
153, 153, 153
83, 32, 41
93, 89, 86
151, 150, 155
168, 181, 189
173, 56, 64
221, 212, 203
247, 246, 252
194, 193, 198
153, 203, 200
58, 64, 90
206, 211, 230
211, 202, 185
220, 215, 212
67, 73, 87
245, 246, 248
108, 135, 165
248, 247, 245
212, 208, 199
127, 121, 133
80, 80, 82
222, 221, 227
148, 109, 70
194, 195, 200
228, 227, 232
242, 241, 247
119, 166, 212
254, 254, 254
254, 254, 254
80, 81, 86
225, 234, 243
245, 248, 253
92, 124, 162
250, 250, 250
99, 95, 86
174, 170, 159
107, 105, 110
82, 79, 88
212, 205, 187
78, 73, 80
63, 65, 90
93, 88, 69
236, 130, 117
255, 172, 158
77, 77, 79
137, 136, 144
189, 172, 152
218, 218, 218
97, 95, 98
70, 76, 88
174, 175, 180
220, 219, 225
239, 237, 242
57, 68, 90
113, 110, 103
213, 213, 215
87, 40, 46
25, 72, 98
77, 76, 74
252, 252, 254
206, 206, 208
115, 153, 198
100, 98, 99
118, 101, 73
143, 155, 167
252, 252, 252
59, 65, 91
82, 77, 81
183, 167, 168
202, 202, 204
205, 192, 176
130, 127, 118
108, 104, 103
201, 191, 182
49, 60, 90
243, 242, 248
83, 89, 77
227, 241, 242
101, 106, 136
237, 237, 239
140, 141, 143
239, 240, 245
117, 115, 116
242, 240, 241
76, 75, 83
84, 42, 62
70, 76, 90
107, 97, 98
190, 173, 155
204, 204, 206
86, 85, 83
202, 201, 207
82, 32, 35
77, 74, 81
114, 109, 106
155, 143, 155
145, 162, 178
219, 218, 224
151, 190, 197
216, 215, 221
73, 76, 83
237, 236, 242
55, 93, 114
228, 228, 228
54, 67, 102
253, 253, 253
88, 120, 158
57, 106, 138
197, 203, 219
253, 253, 253
170, 128, 132
83, 77, 79
116, 106, 105
39, 52, 87
188, 187, 185
77, 75, 80
84, 81, 88
252, 252, 252
79, 74, 78
75, 95, 132
80, 74, 74
244, 202, 2
246, 245, 251
255, 255, 255
206, 206, 208
53, 58, 88
49, 55, 91
255, 100, 104
50, 58, 95
144, 68, 81
211, 207, 196
244, 244, 246
83, 86, 93
80, 80, 82
76, 75, 81
251, 249, 250
205, 205, 205
76, 75, 81
78, 76, 77
209, 55, 67
185, 179, 153
24, 82, 93
84, 32, 36
78, 76, 81
191, 190, 196
32, 50, 86
77, 78, 82
48, 76, 77
80, 74, 76
243, 199, 2
194, 195, 199
202, 106, 110
203, 217, 230
103, 102, 108
204, 192, 170
241, 241, 243
170, 108, 57
77, 82, 86
190, 211, 230
222, 220, 225
115, 123, 136
74, 75, 80
75, 73, 84
247, 247, 249
219, 215, 216
40, 42, 80
51, 80, 96
230, 230, 232
85, 80, 84
79, 74, 80
46, 50, 85
195, 194, 190
112, 112, 112
255, 255, 255
76, 76, 78
125, 127, 140
182, 169, 153
249, 206, 213
86, 82, 97
81, 81, 91
78, 82, 93
230, 229, 237
75, 118, 153
255, 254, 255
110, 101, 96
235, 236, 241
191, 79, 68
251, 155, 141
97, 132, 160
193, 194, 198
202, 219, 235
254, 254, 254
210, 127, 135
243, 242, 248
126, 93, 78
246, 187, 157
78, 77, 83
233, 232, 238
228, 237, 246
188, 188, 190
141, 160, 175
230, 229, 227
187, 185, 186
215, 214, 220
92, 92, 102
182, 170, 158
179, 190, 194
153, 149, 140
67, 92, 114
220, 218, 221
82, 81, 87
22, 29, 73
78, 81, 88
210, 210, 212
114, 115, 119
255, 255, 255
75, 76, 81
50, 54, 89
82, 80, 83
80, 73, 63
95, 68, 73
89, 64, 70
135, 134, 142
77, 80, 85
77, 26, 25
221, 222, 217
196, 184, 158
38, 83, 106
97, 93, 94
242, 241, 247
246, 250, 253
255, 255, 255
186, 173, 157
103, 42, 57
173, 151, 128
103, 98, 102
67, 73, 87
251, 250, 255
250, 250, 252
58, 116, 140
57, 58, 88
192, 194, 206
74, 74, 84
242, 246, 255
47, 62, 91
121, 215, 227
152, 179, 198
112, 26, 39
180, 178, 183
63, 68, 98
227, 223, 214
247, 245, 246
195, 175, 177
203, 201, 204
95, 89, 93
69, 72, 89
235, 234, 240
240, 239, 237
105, 104, 102
249, 112, 76
76, 75, 80
152, 155, 160
147, 145, 146
2, 45, 149
203, 203, 205
166, 132, 97
107, 108, 112
216, 216, 218
57, 63, 89
156, 154, 165
161, 160, 166
253, 253, 253
207, 216, 225
203, 213, 222
83, 81, 82
245, 244, 250
78, 75, 82
79, 74, 81
80, 75, 79
78, 75, 82
80, 97, 115
233, 234, 238
201, 189, 167
95, 93, 104
76, 76, 74
234, 235, 240
122, 112, 77
104, 100, 117
73, 76, 81
233, 232, 238
227, 218, 209
7, 81, 166
149, 151, 164
252, 252, 254
85, 89, 100
158, 160, 172
66, 75, 84
215, 224, 231
194, 192, 195
59, 70, 90
207, 71, 71
221, 219, 222
185, 172, 156
245, 198, 206
104, 104, 102
230, 230, 232
64, 99, 137
250, 250, 252
189, 189, 191
246, 246, 248
116, 116, 116
228, 208, 122
87, 87, 89
83, 80, 87
251, 250, 255
245, 246, 250
134, 60, 23
123, 123, 125
145, 175, 203
103, 140, 185
174, 178, 189
80, 80, 92
105, 106, 111
255, 255, 253
106, 108, 107
217, 219, 218
174, 154, 130
128, 220, 217
163, 165, 177
243, 243, 245
225, 234, 243
148, 1, 19
250, 249, 247
37, 60, 92
179, 178, 174
142, 142, 144
248, 248, 250
144, 22, 47
67, 10, 16
191, 200, 207
73, 76, 81
76, 75, 81
192, 191, 197
248, 238, 236
230, 229, 234
218, 218, 220
233, 232, 230
195, 194, 199
17, 61, 136
176, 154, 131
214, 90, 92
83, 78, 82
81, 72, 77
45, 86, 104
74, 72, 85
54, 76, 97
38, 76, 99
79, 75, 76
136, 138, 137
198, 205, 211
245, 246, 250
94, 95, 99
235, 235, 237
96, 85, 89
221, 221, 223
57, 62, 92
113, 113, 123
154, 107, 77
202, 55, 35
77, 74, 81
78, 75, 84
141, 140, 148
69, 10, 14
160, 156, 157
154, 106, 83
137, 141, 153
98, 129, 147
255, 255, 255
243, 242, 248
108, 109, 113
51, 76, 81
195, 193, 198
241, 240, 246
229, 230, 235
92, 91, 96
71, 73, 88
216, 217, 221
121, 121, 121
216, 215, 213
148, 151, 156
72, 76, 79
38, 66, 103
253, 253, 253
113, 67, 52
228, 221, 175
57, 62, 91
94, 59, 63
197, 202, 208
231, 226, 222
170, 196, 209
255, 255, 255
103, 104, 106
193, 207, 220
252, 255, 255
88, 95, 124
247, 247, 249
204, 187, 167
100, 99, 105
94, 123, 157
198, 196, 197
239, 198, 93
202, 128, 83
208, 207, 212
54, 66, 90
72, 74, 87
96, 90, 94
138, 145, 153
173, 67, 79
93, 95, 94
51, 60, 89
221, 220, 226
236, 235, 241
82, 81, 87
100, 100, 110
162, 136, 109
235, 235, 235
69, 87, 89
48, 76, 77
226, 226, 226
114, 15, 33
129, 128, 124
249, 249, 247
187, 174, 158
236, 234, 235
182, 203, 220
103, 142, 185
72, 71, 85
72, 71, 85
162, 162, 164
215, 213, 214
60, 64, 91
87, 40, 50
75, 78, 85
35, 53, 89
232, 232, 234
242, 242, 244
181, 177, 178
246, 246, 248
82, 69, 50
104, 21, 37
96, 123, 150
228, 227, 233
122, 117, 97
85, 80, 84
80, 83, 92
248, 247, 253
73, 76, 83
112, 107, 111
184, 185, 190
216, 217, 222
79, 80, 100
73, 95, 136
75, 74, 82
232, 231, 236
