00002809-01_1_front;245,245,247;19,21,20;177,140,122
00006600-03_4_full;17,16,22;26,24,29;248,226,215
00005703-01_4_full;50,48,51;47,45,46;215,169,146
00003393-01_1_front;185,194,203;202,197,194;176,128,108
00005455-01_4_full;236,237,242;15,15,15;195,141,113
00007128-02_4_full;251,250,255;198,206,219;199,143,116
00004523-01_4_full;241,240,246;16,16,14;156,95,67
00003060-05_1_front;37,44,73;37,37,47;222,179,163
00000396-01_7_additional;47,41,29;154,107,77;235,208,191
00001015-01_4_full;32,32,34;190,190,192;116,72,59
00002692-10_1_front;60,59,91;38,40,55;234,198,176
00004638-02_4_full;101,43,57;141,131,122;196,122,85
00005713-01_1_front;30,30,30;64,57,39;199,139,105
00002603-06_1_front;56,102,125;204,192,166;212,165,149
00002315-06_7_additional;95,123,137;214,202,178;244,214,190
00005152-10_7_additional;26,30,42;25,28,37;200,162,143
00001387-01_4_full;242,243,247;24,24,26;236,200,184
00003058-01_4_full;232,231,237;200,217,233;213,161,137
00003510-01_1_front;233,232,238;55,58,63;226,193,174
00006299-01_4_full;71,40,38;29,28,34;190,142,119
00002760-04_4_full;69,74,93;61,73,99;230,190,164
00000168-03_4_full;246,246,248;14,14,14;240,205,186
00002380-01_7_additional;240,239,245;242,241,247;162,97,67
00001729-01_1_front;25,29,32;28,31,38;207,159,136
00000393-01_4_full;19,18,16;24,23,21;163,103,79
00001924-01_4_full;18,17,15;10,10,10;73,39,27
00001097-01_1_front;69,68,82;65,64,78;181,104,76
00001808-05_7_additional;46,53,72;208,207,212;164,104,76
00002110-17_7_additional;37,39,54;236,236,238;203,166,148
00003077-01_7_additional;171,170,176;177,176,182;253,234,220
00005450-01_4_full;51,55,80;24,29,35;235,193,171
00004332-03_4_full;89,51,64;86,50,60;208,159,129
00000971-03_4_full;243,243,245;27,27,29;243,214,196
00004530-03_4_full;68,73,105;223,214,205;219,171,149
00005770-01_4_full;28,28,30;27,26,32;115,63,41
00003297-02_7_additional;64,28,32;177,190,199;192,141,114
00004649-06_4_full;38,42,54;32,34,46;187,135,113
00003216-03_4_full;146,145,151;19,26,32;172,115,86
00003683-05_4_full;225,225,227;46,45,63;102,56,43
00003555-01_1_front;26,24,27;21,24,29;212,145,103
00006740-01_4_full;234,235,240;21,24,29;153,99,71
00006208-09_1_front;207,237,239;208,217,226;253,227,214
00003148-01_4_full;26,28,27;204,192,170;225,177,163
00000056-01_7_additional;232,231,237;224,223,229;145,79,57
00000511-02_4_full;121,215,227;12,20,31;237,208,190
00003228-17_4_full;23,18,15;52,47,51;203,140,107
00005982-01_1_front;249,249,251;52,46,50;236,195,165
00002661-01_7_additional;45,44,40;47,46,42;243,217,204
00002381-02_4_full;250,250,252;154,172,184;238,202,176
00006008-01_4_full;214,213,219;16,15,13;246,223,217
00005444-08_4_full;243,242,238;204,201,196;241,207,180
00002685-01_1_front;216,217,222;28,28,30;188,142,119
00001571-04_4_full;44,46,59;212,203,186;167,106,78
00002310-05_4_full;25,72,98;56,24,27;202,155,135
00003612-01_1_front;230,228,229;22,26,27;153,85,62
00007607-01_1_front;38,36,41;45,52,80;224,186,163
00007322-01_7_additional;51,46,43;60,70,105;222,178,141
00003064-02_4_full;27,25,28;110,99,107;255,219,193
00001783-02_7_additional;248,247,253;28,27,25;179,128,99
00007653-01_4_full;20,20,22;245,246,251;165,102,71
00007496-03_4_full;36,41,61;188,186,189;237,195,171
00000881-01_4_full;160,159,165;48,42,44;210,159,128
00004638-05_4_full;225,235,245;13,5,2;146,72,33
00006233-01_1_front;24,24,26;25,23,26;226,158,119
00000531-02_1_front;248,251,255;209,131,59;209,152,123
00003988-01_1_front;231,230,236;198,184,171;222,194,173
00005152-10_1_front;25,29,41;16,23,33;233,205,193
00000353-01_7_additional;22,22,24;18,21,28;247,219,208
00005261-01_1_front;169,169,171;225,225,225;140,83,64
00006820-05_4_full;59,62,105;197,116,51;208,153,123
00007090-02_1_front;17,18,13;28,29,24;181,126,85
00001875-01_1_front;71,70,76;47,47,49;229,183,159
00001560-01_1_front;204,205,210;56,48,46;201,141,107
00005346-01_4_full;99,84,51;20,20,20;230,191,176
00007319-03_4_full;231,230,236;12,12,14;243,217,202
00005378-01_7_additional;37,17,19;37,36,42;247,223,211
00002702-01_4_full;242,240,241;24,24,22;184,132,110
00002163-03_4_full;188,186,191;176,131,110;228,188,176
00006532-07_4_full;207,73,74;176,174,179;239,217,204
00000089-08_4_full;24,31,49;82,69,50;215,136,97
00004998-01_4_full;220,220,218;139,152,161;243,190,148
00003060-05_7_additional;34,43,74;33,36,45;212,161,140
00007770-02_1_front;29,28,24;173,151,128;234,206,185
00003136-02_4_full;76,108,155;214,198,183;225,173,152
00005152-06_4_full;25,25,27;169,94,39;199,158,140
00006208-08_7_additional;245,157,156;197,195,196;237,196,174
00006929-12_1_front;188,186,187;18,20,19;234,199,179
00001021-05_1_front;20,27,45;225,234,243;179,122,93
00002866-07_1_front;176,174,179;28,47,80;215,177,156
00005383-02_4_full;234,243,252;38,39,43;195,135,107
00000697-06_1_front;29,27,38;208,171,165;193,133,107
00000597-01_4_full;39,40,61;253,254,248;234,181,131
00001138-01_1_front;23,18,14;20,17,10;234,194,169
00000375-01_1_front;246,245,251;172,168,165;206,152,124
00001866-08_1_front;222,234,246;230,231,236;237,201,179
00004168-02_4_full;13,13,11;17,17,15;185,133,96
00005528-09_4_full;217,212,209;22,21,27;247,227,216
00007073-08_4_full;181,176,183;20,20,22;214,166,143
00003555-02_4_full;254,255,255;19,22,27;215,146,107
00003228-12_4_full;246,246,248;206,180,145;165,100,72
00006864-01_4_full;192,191,197;69,68,74;173,128,95
00006856-05_7_additional;26,38,52;82,61,30;235,204,184
00001993-01_4_full;242,238,239;214,58,80;138,73,55
00000785-01_7_additional;12,12,10;49,45,33;110,72,51
00006736-01_4_full;52,51,59;66,61,68;222,176,160
00001774-32_4_full;202,106,110;30,29,37;208,160,138
00005515-01_1_front;203,213,222;28,32,33;168,108,80
00007301-04_4_full;44,47,64;207,196,178;182,122,94
00001509-03_1_front;253,253,253;240,233,225;179,128,97
00004249-14_4_full;254,254,254;193,189,186;252,239,231
00000337-11_4_full;243,243,245;237,151,136;196,154,132
00005151-04_4_full;241,240,245;188,187,193;222,176,153
00007301-10_7_additional;227,169,0;47,45,50;219,170,138
00005713-01_7_additional;35,35,35;64,55,38;182,122,96
00006075-01_7_additional;235,234,242;191,160,178;230,199,179
00003297-01_7_additional;74,34,35;75,102,132;191,141,116
00004117-01_4_full;242,241,247;34,36,49;217,151,117
00007723-02_7_additional;233,232,238;29,29,31;201,154,126
00007004-03_4_full;48,47,52;35,30,27;185,140,117
00004649-05_4_full;43,44,46;14,14,12;163,106,86
00003106-15_4_full;249,249,251;183,165,145;233,191,169
00003899-01_1_front;80,84,93;16,20,23;173,116,87
00000089-05_7_additional;251,249,250;53,17,17;135,73,48
00005320-01_4_full;251,250,255;29,31,46;235,197,174
00000877-01_4_full;230,231,236;85,117,156;237,196,176
00001791-05_1_front;251,251,253;27,28,33;181,124,95
00006826-01_7_additional;243,242,248;211,210,216;253,233,222
00003903-01_4_full;27,27,27;28,29,24;101,55,39
00003306-03_1_front;26,31,61;212,205,189;230,202,180
00004905-01_4_full;54,52,55;51,46,52;202,154,134
00005778-01_1_front;28,28,28;226,227,232;128,73,53
00007073-07_1_front;148,139,134;18,18,20;214,166,144
00001345-10_4_full;255,255,255;170,196,209;204,137,95
00000182-01_7_additional;238,154,152;27,27,29;218,170,148
00003906-01_1_front;70,68,82;48,47,53;213,183,175
00002381-04_4_full;132,121,127;58,48,47;237,201,175
00000390-09_1_front;253,253,255;13,16,21;248,226,215
00007553-05_7_additional;43,45,60;48,51,70;192,151,133
00006830-06_7_additional;68,15,23;205,197,186;232,196,182
00000296-07_4_full;169,218,225;171,159,137;213,167,143
00001774-11_4_full;33,36,55;218,209,192;179,115,87
00007676-01_4_full;28,27,23;26,26,26;159,98,70
00005038-06_1_front;245,244,250;48,48,50;204,151,120
00006034-01_4_full;247,247,249;38,38,48;187,124,93
00000337-09_4_full;235,235,237;29,31,44;194,143,122
00006693-01_7_additional;46,43,50;206,205,211;242,222,211
00007066-07_4_full;247,246,252;31,150,131;227,181,157
00001537-01_7_additional;237,236,242;84,105,136;111,55,40
00000802-03_7_additional;234,234,236;59,60,78;218,173,152
00000390-15_4_full;253,253,255;19,22,29;246,220,207
00000877-01_1_front;229,230,235;63,98,136;230,183,163
00003916-01_4_full;242,241,247;97,93,94;215,167,145
00000661-01_4_full;233,237,248;56,48,46;186,117,88
00005887-01_7_additional;22,21,17;35,34,30;172,113,73
00003470-16_4_full;83,82,87;26,27,32;214,186,165
00000006-01_7_additional;230,230,230;21,21,21;223,187,163
00000390-18_1_front;239,238,244;216,229,238;240,213,202
00002266-01_4_full;161,195,222;218,209,192;207,156,125
00005557-02_4_full;98,45,55;210,201,184;208,160,138
00006356-01_4_full;130,159,189;221,217,218;166,105,77
00000193-07_4_full;209,178,150;242,242,244;133,85,71
00000080-01_7_additional;68,62,64;19,19,19;205,152,121
00005943-09_4_full;179,166,150;26,33,43;213,160,142
00001239-09_4_full;69,32,40;32,30,33;198,147,128
00005063-01_4_full;13,14,9;26,26,26;242,223,216
00004620-01_4_full;42,41,47;56,37,20;188,134,108
00000767-01_1_front;34,49,78;33,36,45;224,179,158
00002055-01_7_additional;32,30,31;218,218,220;217,182,160
00003228-07_4_full;2,45,149;6,2,1;254,219,199
00001198-03_7_additional;223,223,225;68,69,64;195,147,125
00004014-02_4_full;68,72,117;23,19,18;177,108,75
00005963-01_4_full;35,33,44;201,189,167;207,169,150
00003470-19_4_full;88,26,37;27,28,33;217,188,170
00002315-09_1_front;73,95,136;79,80,100;245,211,184
00005878-04_4_full;249,249,251;20,19,17;222,184,165
00001791-03_1_front;32,30,41;56,55,53;247,218,202
00007967-01_4_full;57,52,58;54,49,53;204,144,108
00003083-01_1_front;73,90,134;33,32,38;229,195,183
00003225-01_4_full;18,17,15;28,28,30;247,234,226
00003685-01_4_full;200,195,192;201,40,56;206,137,96
00003725-03_4_full;227,241,242;19,19,17;88,51,35
00007224-04_4_full;34,37,56;94,88,92;174,109,81
00000638-01_4_full;35,31,32;30,28,31;166,98,63
00001008-01_1_front;39,40,45;43,44,49;208,170,151
00005797-01_4_full;175,173,174;185,185,187;224,152,112
00001510-01_1_front;53,63,88;49,43,43;218,172,138
00001184-01_4_full;30,32,45;199,190,181;193,151,129
00005458-01_4_full;68,65,60;55,51,48;237,208,190
00002692-07_7_additional;48,47,53;137,140,149;230,190,165
00002866-07_7_additional;182,180,185;45,56,88;211,164,144
00007524-01_4_full;250,251,246;109,112,121;249,219,181
00004798-06_4_full;41,42,37;21,24,29;244,217,200
00004638-09_4_full;255,225,223;30,28,31;240,186,150
00003290-01_7_additional;35,33,36;31,29,30;244,222,211
00000390-12_7_additional;253,253,255;18,21,28;248,224,214
00000826-02_7_additional;22,22,22;226,227,232;226,180,157
00005557-08_7_additional;88,96,115;50,52,64;218,177,157
00007301-02_4_full;229,229,229;58,74,74;179,123,90
00007301-10_1_front;226,167,1;47,45,50;219,170,138
00000756-01_1_front;231,231,233;225,225,227;226,191,169
00000655-01_1_front;236,235,241;55,61,83;226,195,175
00003306-03_7_additional;24,29,58;210,201,184;206,171,149
00003612-13_7_additional;36,39,46;239,237,242;222,177,156
00004983-01_4_full;204,103,107;204,103,107;189,131,107
00003555-02_1_front;255,255,253;22,25,30;208,145,104
00000016-01_1_front;199,190,195;42,43,47;201,146,116
00004674-06_4_full;181,161,163;201,183,169;196,136,110
00006856-03_7_additional;23,35,49;33,32,38;233,197,175
00001488-01_4_full;36,32,33;28,27,25;199,148,121
00000527-01_1_front;32,32,32;5,5,3;180,119,91
00003853-03_4_full;69,38,44;26,25,31;194,154,142
00004706-01_4_full;33,39,55;182,182,184;239,204,182
00006628-01_1_front;238,237,243;160,159,157;231,199,178
00004641-01_4_full;235,234,240;41,37,38;246,224,213
00003427-09_4_full;233,232,238;202,194,191;189,141,121
00004750-01_4_full;24,22,25;20,21,26;238,157,114
00005799-01_4_full;53,48,54;51,46,43;215,166,151
00001919-13_7_additional;103,140,185;145,175,203;172,123,108
00002638-08_1_front;155,154,160;217,191,166;245,212,197
00005557-09_7_additional;110,99,71;38,37,43;230,197,178
00002160-02_1_front;247,245,250;34,42,78;166,102,75
00005955-13_7_additional;234,233,169;207,191,166;235,198,172
00001993-01_1_front;238,234,235;216,52,77;190,137,121
00001290-01_1_front;43,39,36;25,24,22;226,190,168
00005207-02_4_full;129,150,131;18,16,29;215,135,86
00002295-01_4_full;243,243,245;19,18,16;241,215,200
00006812-03_4_full;228,226,227;178,157,136;148,92,69
00005358-05_1_front;28,33,39;185,185,187;206,150,125
00007075-01_4_full;237,236,242;187,190,195;136,79,59
00007942-01_4_full;40,39,44;222,204,180;188,133,102
00005208-01_7_additional;20,20,22;20,21,25;248,228,217
00003564-01_4_full;252,252,252;78,62,62;246,220,205
00005207-01_4_full;22,29,73;18,16,29;231,171,121
00005876-01_4_full;33,33,33;41,78,96;146,94,73
00001008-05_1_front;155,143,155;50,46,47;225,182,165
00003009-08_4_full;91,31,31;21,21,23;229,193,179
00007396-01_4_full;96,90,94;53,55,68;188,133,103
00006075-01_1_front;219,218,226;166,184,198;216,179,161
00005209-02_4_full;249,250,245;73,67,69;230,175,134
00002866-02_7_additional;194,193,198;49,43,45;222,176,152
00005887-02_7_additional;248,249,253;119,168,211;232,195,176
00005833-02_4_full;250,251,246;144,154,163;235,190,148
00000296-04_4_full;190,189,197;168,152,129;214,172,147
00007875-01_4_full;205,206,211;20,19,17;245,218,209
00006237-01_1_front;220,218,221;20,20,22;237,195,171
00001571-10_7_additional;243,199,2;68,62,62;211,155,122
00001239-06_4_full;28,29,33;29,29,31;185,133,112
00004959-03_4_full;80,93,109;230,224,210;243,207,181
00006329-01_1_front;255,240,243;188,32,45;62,32,22
00000089-02_7_additional;125,133,152;184,171,155;197,149,135
00005679-02_4_full;244,244,242;32,28,25;236,184,137
00004729-03_4_full;144,68,81;50,58,95;228,158,106
00005160-08_4_full;214,90,92;176,154,131;219,169,142
00000755-05_1_front;220,218,223;212,1,36;239,207,186
00007233-03_1_front;230,229,237;26,34,47;172,112,86
00002070-01_4_full;141,140,146;17,26,43;229,201,180
00005955-07_4_full;170,169,175;212,196,171;232,190,168
00003125-05_4_full;254,254,254;247,242,238;238,214,202
00005529-02_7_additional;234,235,240;33,35,34;169,105,77
00000971-04_4_full;232,232,234;26,26,28;171,107,72
00000702-06_1_front;159,179,204;226,226,228;189,138,119
00004632-01_4_full;60,55,59;38,39,44;158,110,88
00002381-06_1_front;64,114,137;60,50,49;237,205,182
00002173-04_4_full;36,35,33;98,92,68;102,60,48
00001831-05_4_full;123,47,57;218,211,195;228,187,159
00001584-03_4_full;134,157,188;113,143,179;204,153,122
00000632-01_4_full;37,38,42;33,32,38;209,166,149
00004292-06_4_full;251,251,253;138,131,139;191,134,105
00000516-01_1_front;243,241,246;21,21,21;79,42,26
00000945-01_4_full;39,38,44;211,209,210;161,96,68
00001831-01_4_full;61,51,52;88,82,84;235,199,173
00001571-02_4_full;209,207,208;207,196,178;189,136,104
00006532-08_1_front;48,46,47;158,156,161;240,221,207
00000056-01_4_full;237,236,242;205,208,217;178,108,83
00001345-09_4_full;42,43,64;152,179,198;177,99,63
00005799-07_4_full;71,93,107;187,164,132;230,193,167
00001228-01_4_full;219,219,221;47,45,50;242,214,202
00001881-03_4_full;251,250,255;19,20,25;198,129,87
00002685-01_4_full;229,230,235;13,15,14;247,227,216
00006344-01_4_full;69,62,69;188,170,146;204,148,123
00005833-01_4_full;57,52,58;179,190,194;245,210,172
00002707-01_1_front;245,245,247;233,232,228;237,203,178
00001919-12_1_front;214,229,234;109,142,173;213,165,143
00000750-01_1_front;43,40,47;28,33,55;215,169,146
00003197-06_1_front;188,188,190;228,237,246;143,87,60
00002898-10_7_additional;243,242,248;210,127,135;92,47,26
00002578-01_1_front;12,11,17;219,215,216;186,129,100
00000089-03_7_additional;200,199,205;110,103,111;192,141,120
00003301-02_7_additional;19,19,21;135,134,142;216,168,145
00000826-01_1_front;235,234,240;13,14,9;221,170,149
00007770-08_1_front;191,1,29;213,198,179;235,208,187
00004550-05_4_full;132,50,62;220,213,197;238,201,175
00002433-01_4_full;18,18,20;47,18,20;211,143,106
00001672-02_7_additional;25,41,67;191,190,196;207,169,150
00005928-01_4_full;237,236,242;186,189,198;244,218,203
00003152-04_4_full;21,24,29;21,25,28;218,175,158
00006053-01_4_full;27,27,29;31,30,28;238,206,193
00006830-08_7_additional;19,19,21;94,92,80;244,220,208
00007821-01_4_full;51,48,43;50,49,47;241,222,208
00001055-03_4_full;18,18,20;241,240,246;136,75,54
00006929-12_7_additional;154,150,147;26,29,38;219,184,162
00007553-06_1_front;215,75,78;201,195,183;197,146,125
00003301-01_7_additional;93,12,21;37,36,42;205,159,136
00006820-04_4_full;204,119,140;37,37,39;224,178,154
00000932-01_1_front;13,25,41;11,23,39;167,107,73
00000822-01_1_front;37,39,52;26,46,71;235,198,179
00000855-01_7_additional;246,245,251;174,173,179;134,82,60
00005213-06_1_front;85,80,84;122,117,97;215,170,147
00003612-12_1_front;40,44,55;55,118,171;112,69,52
00006233-01_4_full;39,37,40;27,25,28;240,182,142
00002248-01_4_full;203,220,236;200,180,155;212,164,144
00003768-01_7_additional;52,51,57;97,100,107;213,172,150
00006585-06_7_additional;33,18,15;199,204,208;88,49,34
00005213-04_4_full;63,83,84;59,73,74;216,163,131
00005529-01_4_full;7,81,166;227,218,209;102,55,37
00002638-02_7_additional;45,43,46;64,59,63;213,172,150
00005548-04_4_full;157,156,162;196,188,175;184,132,110
00001315-02_1_front;239,238,244;46,47,51;232,194,173
00005077-01_1_front;138,170,195;131,109,86;80,41,26
00005256-01_7_additional;13,21,32;19,27,40;245,214,193
00000846-03_4_full;153,168,199;18,14,15;180,115,75
00006585-06_1_front;67,36,44;191,198,204;109,58,39
00002431-02_4_full;213,212,218;254,254,254;183,120,85
00004735-01_4_full;243,242,248;22,26,37;175,114,93
00006617-02_7_additional;22,25,30;28,28,30;235,196,179
00004508-02_4_full;197,193,192;79,102,144;172,115,86
00002663-02_1_front;221,216,220;180,175,181;222,181,161
00007300-01_1_front;75,95,132;67,63,64;203,155,115
00007216-01_7_additional;42,40,43;19,26,36;238,203,181
00005038-06_7_additional;249,248,253;83,81,82;178,121,91
00001571-11_7_additional;124,108,85;58,49,50;216,172,135
00001281-02_7_additional;254,254,254;255,255,255;246,228,218
00005444-02_4_full;129,50,56;217,206,184;243,211,188
00000290-06_7_additional;251,251,253;45,51,75;236,207,191
00003336-08_1_front;149,43,53;197,197,199;202,142,105
00007309-09_1_front;236,236,236;122,163,183;228,182,159
00007865-02_7_additional;251,249,250;53,52,58;247,223,211
00000756-01_7_additional;230,230,232;218,218,220;219,183,159
00000735-03_4_full;241,240,246;30,30,32;226,188,169
00001153-01_1_front;46,46,82;218,217,223;228,193,174
00000816-01_7_additional;219,218,224;200,199,205;229,188,170
00006081-01_4_full;65,65,63;114,113,118;247,230,222
00005663-01_4_full;223,222,218;32,27,31;181,115,80
00004530-04_4_full;82,81,87;26,27,32;214,185,167
00000846-06_4_full;229,64,70;224,186,139;250,215,173
00007234-02_4_full;214,214,216;19,19,19;212,183,165
00005994-01_4_full;25,24,22;16,16,14;194,148,115
00000289-02_4_full;46,62,96;229,229,229;112,64,50
00006150-01_1_front;233,232,238;238,166,190;230,203,184
00001222-03_4_full;14,14,26;219,215,216;87,44,27
00002603-09_1_front;91,35,44;39,39,47;215,173,157
00005931-01_1_front;55,49,53;42,37,41;208,145,104
00003752-01_4_full;125,127,140;76,76,78;236,202,192
00003009-07_4_full;209,154,51;211,181,157;238,199,182
00003197-08_1_front;228,227,233;96,123,150;244,222,209
00003063-01_7_additional;232,235,240;52,47,51;224,186,165
00001184-03_4_full;244,244,246;210,203,195;197,150,130
00003436-05_4_full;199,193,203;30,29,35;220,186,176
00000836-03_4_full;250,250,250;51,56,76;193,131,106
00000918-01_1_front;240,240,240;24,27,32;203,161,139
00000006-02_7_additional;21,21,21;20,20,20;185,141,116
00003537-01_1_front;226,225,231;29,37,48;99,50,35
00000694-03_4_full;245,194,193;247,246,244;177,120,91
00007073-10_1_front;202,193,186;29,29,31;216,166,141
00001531-01_4_full;19,18,16;19,18,16;239,211,190
00001041-01_4_full;228,229,233;172,186,199;169,109,81
00004031-01_4_full;215,215,215;40,42,55;231,200,180
00001027-02_1_front;195,227,216;213,205,194;168,107,79
00000653-01_1_front;53,51,56;84,32,36;228,183,152
00005557-08_1_front;85,93,112;34,40,52;216,170,147
00003216-05_7_additional;253,248,245;16,21,25;172,115,86
00001611-01_7_additional;29,29,31;34,34,36;119,76,60
00001055-02_4_full;14,10,9;229,228,234;127,69,49
00002163-05_1_front;58,22,0;32,30,35;224,178,162
00004348-03_4_full;254,255,255;47,49,62;224,178,155
00002315-10_4_full;229,74,80;59,57,71;230,186,161
00006688-01_7_additional;253,253,253;23,23,25;251,231,220
00003519-01_1_front;33,32,30;34,32,33;191,135,110
00007167-01_7_additional;40,44,47;29,29,29;189,132,103
00000091-02_4_full;246,246,248;20,19,15;151,90,61
00006812-03_1_front;236,234,235;187,174,158;213,165,143
00000702-06_7_additional;158,178,203;219,219,221;197,143,117
00002767-09_1_front;251,155,141;191,79,68;157,89,66
00000168-01_7_additional;48,46,49;11,11,11;74,37,31
00002603-08_1_front;82,80,85;35,35,43;197,154,138
00002541-02_4_full;228,232,244;32,34,49;185,133,120
00001467-01_4_full;56,54,59;66,64,67;239,204,185
00001481-01_4_full;255,255,255;22,20,23;227,160,118
00001682-01_1_front;187,189,201;217,217,219;226,195,174
00007365-01_1_front;49,47,60;29,28,34;202,156,133
00007301-01_4_full;41,39,42;204,193,175;176,119,90
00007610-01_1_front;33,31,32;214,197,177;232,195,177
00000846-01_4_full;28,28,30;233,115,113;222,158,114
00007583-02_4_full;20,23,28;17,20,25;243,217,204
00005021-05_4_full;97,91,101;26,25,23;173,118,88
00005160-10_4_full;139,161,202;192,174,152;217,169,146
00003152-03_4_full;26,29,34;26,29,34;216,165,144
00001730-01_4_full;226,226,228;22,24,23;114,61,45
00002249-06_4_full;76,38,53;33,35,48;213,166,138
00007723-03_7_additional;38,42,69;28,28,30;210,164,138
00007600-01_4_full;7,93,194;22,21,17;217,165,143
00001005-01_4_full;237,237,239;183,165,145;185,128,101
00005151-06_4_full;232,241,250;237,205,208;164,104,80
00004436-02_4_full;98,129,147;34,37,46;187,134,116
00002439-04_4_full;61,58,69;58,52,62;215,168,152
00005858-13_1_front;240,236,237;40,41,46;240,204,182
00003795-01_7_additional;241,241,241;35,35,33;225,179,153
00001831-06_1_front;27,58,60;220,213,197;242,210,185
00007569-03_4_full;249,245,236;16,17,21;252,234,222
00000312-01_4_full;252,252,252;74,17,24;250,227,213
00002383-01_4_full;115,153,198;36,34,39;239,210,194
00002249-13_4_full;93,80,64;33,39,51;234,191,174
00004332-02_4_full;53,51,65;61,62,80;182,129,95
00002559-01_4_full;251,251,253;89,112,143;164,107,77
00006745-01_4_full;238,236,241;35,32,49;201,144,115
00006586-01_4_full;248,247,245;108,135,165;203,157,134
00002809-01_7_additional;215,213,214;24,23,21;185,137,115
00003957-01_4_full;152,151,157;18,18,20;210,170,145
00001831-02_7_additional;249,249,251;57,52,58;240,208,183
00005575-01_4_full;180,179,177;20,20,20;209,171,148
00002559-03_7_additional;252,252,252;143,155,167;179,119,85
00000337-12_1_front;247,247,249;228,234,200;207,169,148
00007073-02_4_full;237,235,240;30,30,32;207,159,137
00007822-01_4_full;245,244,250;196,194,197;197,141,116
00007723-12_1_front;17,68,95;25,34,43;238,201,182
00001223-01_4_full;50,57,76;171,189,203;215,151,103
00000313-01_1_front;255,254,255;39,38,44;223,177,154
00001059-03_4_full;31,30,36;109,103,113;225,167,129
00007301-11_6_flat;111,95,72;41,39,44;224,178,152
00007324-03_4_full;254,254,254;22,23,28;244,211,194
00000290-07_7_additional;251,251,253;126,123,114;238,201,182
00004638-07_4_full;57,54,73;158,148,139;225,141,105
00006208-08_1_front;248,162,161;209,207,208;235,197,174
00006335-01_7_additional;14,14,12;13,13,13;208,148,112
00005313-01_7_additional;233,232,238;204,207,196;251,233,221
00001509-03_4_full;252,252,252;140,120,95;247,223,211
00006790-09_1_front;108,51,66;193,180,164;211,163,149
00001952-01_7_additional;24,39,58;19,19,21;247,228,214
00005177-04_4_full;94,28,38;202,196,174;218,171,151
00005876-02_1_front;244,243,249;21,21,21;222,185,167
00005358-05_7_additional;44,50,64;194,192,195;184,124,96
00003132-01_1_front;140,138,141;19,19,21;235,204,186
00005021-02_4_full;243,242,248;26,25,23;178,125,93
00005910-02_4_full;20,20,22;94,89,95;196,134,93
00001292-01_7_additional;23,22,20;28,26,27;240,207,198
00006790-07_1_front;60,58,69;46,43,50;228,189,172
00002381-01_7_additional;54,48,50;83,78,82;234,194,169
00006030-01_4_full;27,27,27;214,203,185;128,70,48
00002163-05_7_additional;136,92,65;29,26,33;187,140,122
00004638-06_4_full;32,28,25;22,19,14;187,133,107
00000826-03_1_front;218,217,223;127,157,185;231,185,162
00005876-02_7_additional;242,241,247;33,33,35;188,138,115
00003357-01_1_front;237,224,207;179,188,197;230,202,181
00003600-01_4_full;20,19,15;160,156,157;232,205,188
00000089-28_1_front;244,244,246;50,63,71;222,176,152
00000511-01_1_front;246,187,157;11,12,16;238,210,189
00000689-01_4_full;27,26,22;17,23,35;247,219,205
00002006-05_7_additional;237,237,239;45,42,51;205,157,135
00001183-01_7_additional;243,242,248;43,42,40;185,126,96
00002750-01_1_front;249,249,249;35,33,36;241,217,205
00002310-02_4_full;230,231,235;55,23,26;192,146,123
00003009-09_4_full;128,116,90;218,191,170;239,206,191
00000006-02_1_front;21,21,21;16,16,16;232,199,180
00006265-01_4_full;46,43,50;43,40,47;228,185,169
00000971-07_4_full;240,240,242;26,26,28;238,203,183
00000428-05_4_full;48,47,53;54,54,56;206,160,136
00005557-09_1_front;87,75,49;21,24,29;197,148,115
00004554-04_4_full;26,26,26;145,143,146;233,212,195
00005132-01_7_additional;44,41,48;208,207,212;247,227,220
00007224-09_4_full;36,88,112;32,30,33;210,164,140
00001008-01_4_full;39,38,44;54,53,59;215,173,151
00007029-01_1_front;33,33,33;29,31,30;197,137,101
00001271-01_1_front;50,61,115;189,189,191;211,159,137
00007723-06_7_additional;87,42,63;33,39,51;216,170,146
00004550-01_4_full;55,50,56;215,211,202;237,202,183
00007930-01_1_front;131,133,148;205,111,112;227,179,157
00000100-01_4_full;246,245,251;177,172,176;207,156,125
00005569-02_4_full;38,37,43;35,34,40;165,110,80
00000078-04_4_full;175,192,208;27,32,38;164,103,74
00005095-01_7_additional;251,251,253;17,16,14;126,69,49
00000143-02_4_full;15,15,15;251,225,198;252,229,215
00002110-21_1_front;222,220,225;190,211,230;208,154,130
00000836-04_4_full;62,42,44;64,44,46;210,156,128
00006039-02_7_additional;32,33,37;170,108,57;221,178,161
00007439-01_4_full;156,154,165;21,24,29;243,215,201
00006829-01_7_additional;16,15,20;47,54,72;221,180,160
00006329-01_7_additional;242,240,245;195,40,48;136,77,59
00006621-01_4_full;162,164,176;205,187,173;225,175,152
00007718-01_4_full;179,219,211;44,45,49;225,187,168
00003702-01_7_additional;234,235,240;52,50,53;185,145,119
00004131-03_4_full;2,121,153;147,146,152;128,84,71
00003357-01_7_additional;232,214,192;185,195,204;207,169,150
00007125-03_4_full;92,89,96;54,52,57;245,217,195
00001763-01_1_front;36,39,56;152,155,162;135,87,64
00002603-09_7_additional;86,35,42;46,46,56;211,165,141
00000836-02_4_full;49,48,54;58,56,61;207,146,118
00005056-01_4_full;236,239,246;193,176,156;142,80,57
00000615-01_1_front;26,26,28;14,14,14;238,208,197
00003470-08_4_full;201,218,234;29,34,40;186,124,85
00001519-01_4_full;216,216,218;26,31,37;101,67,55
00006147-04_4_full;145,62,70;186,162,128;233,192,160
00005548-06_4_full;123,125,150;202,196,184;190,139,118
00002911-01_7_additional;218,218,218;189,172,152;241,214,193
00001315-01_4_full;194,211,231;60,111,168;236,201,182
00002316-01_1_front;66,13,21;176,195,212;250,233,226
00001591-01_7_additional;45,43,46;32,28,27;218,168,141
00003197-05_4_full;192,191,196;229,238,245;246,224,211
00001571-09_1_front;1,136,184;87,74,58;246,212,187
00005603-02_4_full;204,208,211;27,31,34;225,183,159
00007519-01_7_additional;188,188,190;33,58,89;101,55,39
00000705-06_1_front;166,126,134;149,165,178;221,185,159
00001291-01_7_additional;24,25,30;195,182,166;210,158,137
00003216-06_1_front;226,237,241;19,23,26;173,114,84
00004249-10_4_full;254,254,254;205,1,28;225,189,173
00001866-08_7_additional;217,231,244;212,213,218;192,127,99
00001144-01_4_full;40,38,41;29,28,33;206,158,136
00000783-01_7_additional;81,81,91;64,61,70;205,153,129
00001955-01_7_additional;140,145,165;21,26,32;66,27,20
00002236-01_7_additional;252,252,254;232,233,238;174,126,90
00002705-01_1_front;223,221,224;148,158,185;198,150,127
00000337-10_4_full;221,219,220;175,208,217;191,148,129
00004117-09_4_full;38,76,99;23,21,35;203,115,65
00003336-05_7_additional;245,245,247;37,37,39;177,123,87
00000655-03_1_front;231,230,236;164,162,165;229,198,178
00004530-02_4_full;247,246,252;221,212,203;223,173,148
00001121-06_4_full;245,110,107;189,187,192;235,199,175
00001042-01_4_full;27,27,29;12,12,10;248,227,222
00007770-01_4_full;234,233,239;174,154,130;240,214,191
00001588-01_4_full;197,193,192;79,102,144;175,118,89
00000955-03_1_front;204,204,204;153,91,34;213,160,128
00002234-09_4_full;252,213,214;37,63,96;126,68,48
00000168-02_4_full;235,80,86;37,35,49;195,141,115
00006856-01_7_additional;97,93,82;48,46,51;235,212,196
00003879-01_7_additional;244,243,249;156,172,185;221,173,151
00002638-10_7_additional;62,61,67;49,51,64;220,178,154
00000867-01_1_front;192,192,192;234,234,234;232,188,159
00004966-01_4_full;18,18,16;19,21,20;180,131,101
00004806-01_4_full;124,168,207;86,116,152;204,151,120
00002898-08_7_additional;206,205,211;90,102,118;229,193,171
00000084-04_4_full;246,246,246;15,13,14;168,110,86
00003060-06_4_full;43,56,72;29,27,32;235,200,180
00003795-01_1_front;249,248,253;24,24,22;189,136,105
00007066-07_1_front;246,245,251;4,150,129;217,170,150
00005955-08_1_front;156,221,223;189,172,144;225,179,156
00002866-06_1_front;190,188,191;34,33,39;216,168,146
00005513-01_4_full;203,229,242;110,145,177;236,201,179
00005597-01_7_additional;97,95,109;38,40,53;236,203,184
00004117-06_4_full;93,46,56;52,47,51;186,115,83
00001291-01_1_front;30,32,44;208,195,179;223,180,163
00001355-01_1_front;29,36,54;145,123,100;226,191,171
00003571-02_4_full;144,140,137;55,47,45;245,193,143
00004713-03_4_full;73,26,34;24,20,19;198,150,128
00007048-03_4_full;250,250,252;188,108,75;193,129,93
00005177-03_1_front;31,40,69;185,179,153;228,190,171
00002249-10_4_full;133,128,134;26,30,42;231,185,161
00005188-01_4_full;233,232,230;215,215,217;247,196,151
00004423-03_4_full;14,14,12;17,16,12;253,226,209
00007309-07_1_front;236,236,236;223,155,154;234,201,182
00007253-01_4_full;19,19,21;13,13,15;217,179,160
00003228-11_4_full;30,24,24;212,188,152;174,109,81
00001510-02_1_front;48,46,59;60,57,78;202,141,110
00002638-08_7_additional;194,195,200;148,109,70;210,179,151
00002234-03_4_full;228,228,230;113,122,129;98,51,35
00003470-12_4_full;229,241,205;200,179,152;232,183,143
00000511-01_7_additional;245,186,154;16,16,18;175,117,93
00006790-07_7_additional;15,14,20;46,43,50;219,171,149
00002603-08_7_additional;85,83,88;49,49,59;217,171,148
00003009-05_4_full;204,202,213;26,25,23;237,203,193
00000089-29_7_additional;59,62,69;99,29,31;230,185,164
00003329-01_4_full;225,225,227;174,169,173;199,164,144
00005417-03_4_full;210,210,212;29,28,26;186,138,116
00003470-09_4_full;255,237,237;27,30,37;225,166,122
00005557-06_1_front;234,233,238;44,42,56;222,180,158
00004051-01_4_full;121,56,62;47,50,67;187,131,98
00007930-02_1_front;133,136,153;48,66,102;226,178,156
00001309-02_4_full;38,37,43;193,179,153;210,158,136
00005955-13_1_front;228,226,152;212,196,171;210,194,169
00006912-08_1_front;107,159,207;74,125,182;242,207,188
00000716-03_4_full;24,27,34;21,24,29;237,198,183
00006585-02_1_front;233,234,239;15,17,16;165,104,76
00002638-03_7_additional;53,56,75;49,47,50;184,151,134
00003229-01_4_full;184,146,135;40,37,44;212,164,142
00000638-03_4_full;30,28,29;185,179,181;196,132,94
00003336-05_1_front;248,248,250;37,35,38;195,135,98
00002921-01_1_front;244,242,245;24,24,24;204,148,121
00003769-01_1_front;245,244,250;83,81,82;188,141,113
00004568-05_4_full;222,227,231;214,197,179;203,146,119
00005955-10_4_full;202,123,57;199,182,156;235,199,177
00002874-02_4_full;252,252,252;26,32,46;245,219,204
00001643-01_4_full;238,237,243;27,25,30;221,173,153
00003071-06_4_full;239,240,235;16,16,18;233,181,142
00006182-01_1_front;241,240,246;238,237,243;188,129,99
00001783-02_1_front;219,219,219;17,17,15;239,215,203
00002315-03_1_front;221,222,226;51,51,63;243,208,180
00003633-02_4_full;241,241,243;19,25,37;249,231,221
00006634-02_4_full;234,234,236;38,36,39;184,124,96
00006535-01_1_front;55,50,56;59,53,57;238,201,175
00004959-02_4_full;118,107,115;224,217,201;241,206,178
00000084-08_4_full;17,17,17;19,19,21;249,230,223
00002818-01_1_front;166,161,155;30,32,45;168,118,95
00001366-04_4_full;96,95,103;22,29,48;252,230,219
00005986-08_1_front;232,194,113;20,21,25;239,204,185
00005887-03_7_additional;179,178,174;21,38,58;161,98,57
00002888-01_4_full;252,252,252;38,30,43;246,215,195
00006830-05_7_additional;206,205,211;26,25,23;238,200,181
00007496-01_4_full;218,216,221;43,58,89;240,205,183
00001350-01_4_full;51,47,46;76,111,153;231,173,123
00002750-01_7_additional;246,246,248;59,56,63;202,152,129
00000078-01_4_full;195,193,194;27,30,35;164,107,78
00001774-28_4_full;16,142,183;23,21,22;214,141,98
00001922-01_4_full;242,241,247;18,16,17;183,128,98
00001903-03_1_front;56,58,73;48,54,70;222,181,161
00000716-07_4_full;143,142,138;215,188,167;126,79,59
00006807-01_4_full;126,125,131;22,22,24;235,212,198
00004225-01_4_full;34,30,27;147,141,129;227,164,111
00006299-03_4_full;53,72,70;34,35,40;193,143,110
00005713-03_1_front;215,213,214;10,10,10;78,41,25
00000089-26_7_additional;235,235,237;75,74,54;218,171,145
00005910-04_4_full;90,103,138;106,94,98;240,192,146
00002571-01_7_additional;235,245,247;24,23,19;176,122,88
00000938-05_1_front;69,91,138;105,99,113;238,209,191
00002874-01_4_full;25,24,29;23,31,44;246,220,207
00006820-06_4_full;197,142,62;14,14,14;210,158,136
00007739-01_4_full;173,67,79;138,145,153;238,184,137
00005876-01_7_additional;48,47,53;45,86,104;188,143,114
00000755-04_4_full;247,246,252;189,187,192;239,207,186
00002310-07_4_full;33,40,58;53,23,25;202,156,133
00001859-01_1_front;248,247,253;227,149,85;184,127,98
00004117-12_4_full;121,158,187;84,109,131;152,97,66
00001774-24_4_full;38,76,99;22,20,34;217,137,84
00001221-01_7_additional;42,43,48;115,113,114;211,155,128
00002767-08_1_front;82,139,194;59,102,157;186,120,94
00000051-01_4_full;213,213,213;14,18,21;240,211,197
00006478-01_4_full;236,235,243;23,27,28;151,90,62
00006535-02_1_front;53,51,54;85,80,84;242,208,180
00001602-03_4_full;239,238,244;24,23,19;222,174,151
00002315-04_4_full;180,76,83;58,56,67;244,210,183
00005955-15_7_additional;249,170,166;198,181,155;234,194,168
00006929-09_4_full;18,18,16;28,26,27;226,189,170
00006208-06_4_full;242,242,244;13,13,13;186,138,115
00005609-05_1_front;230,229,235;182,164,150;229,198,178
00004794-04_4_full;234,233,239;45,42,49;221,180,158
00004249-02_4_full;253,253,253;161,160,166;252,234,224
00006886-01_7_additional;32,31,37;229,230,235;241,213,202
00005858-08_4_full;105,97,118;224,225,230;195,140,110
00006963-01_1_front;47,42,48;41,35,39;219,162,142
00004729-01_4_full;77,75,76;51,59,98;228,164,116
00002029-01_7_additional;237,236,242;202,205,210;157,92,64
00006077-01_4_full;249,248,253;34,34,34;141,77,52
00007125-01_4_full;83,81,86;56,54,59;220,180,145
00005690-02_4_full;36,35,40;214,214,214;230,185,156
00000089-17_4_full;195,193,194;64,70,70;207,158,125
00006963-09_4_full;61,79,93;46,44,57;220,166,142
00005986-06_4_full;55,78,92;51,52,70;213,159,123
00002371-03_4_full;245,245,247;23,22,20;241,213,192
00001355-02_1_front;237,237,239;175,156,141;228,197,177
00000193-08_1_front;175,96,29;186,179,163;189,142,126
00003132-05_4_full;160,125,132;199,190,181;191,146,125
00000711-01_4_full;168,168,178;228,227,233;185,137,117
00004194-01_4_full;107,124,180;235,236,240;242,214,202
00002461-02_4_full;16,16,24;229,238,247;245,227,215
00001329-01_1_front;224,228,240;36,38,53;204,151,133
00005569-01_4_full;222,221,227;37,37,39;189,139,114
00006106-01_7_additional;190,190,190;20,28,39;151,90,62
00005799-02_7_additional;72,67,73;57,55,60;220,174,159
00000925-01_4_full;212,210,211;214,209,206;184,132,111
00000783-01_1_front;49,52,61;49,49,59;215,176,159
00002692-10_7_additional;49,45,68;20,22,34;236,199,180
00003692-06_4_full;236,235,241;17,18,23;248,229,222
00000859-01_1_front;202,210,223;13,17,20;163,109,75
00007040-01_4_full;33,37,40;75,79,88;139,79,55
00002828-01_1_front;223,222,227;25,31,45;173,111,86
00002310-09_4_full;95,121,170;55,23,26;214,177,159
00001008-06_1_front;48,74,75;38,37,43;218,172,149
00002587-01_1_front;247,246,251;239,239,241;224,176,156
00006856-02_7_additional;32,48,63;221,221,221;246,217,201
00002535-01_4_full;239,239,241;35,33,34;234,197,171
00006829-03_4_full;254,254,254;202,219,235;239,217,204
00007309-08_1_front;239,237,238;151,145,133;228,182,159
00007553-05_1_front;47,48,66;38,44,60;232,206,193
00005858-12_4_full;218,136,140;220,221,226;201,146,116
00007088-01_4_full;38,33,37;45,39,41;188,131,102
00003132-03_4_full;138,140,155;18,24,36;200,163,145
00001595-01_1_front;43,42,48;24,21,16;160,95,67
00000931-02_7_additional;252,252,254;49,45,44;159,98,70
00003668-01_7_additional;246,245,251;232,235,242;162,101,70
00006039-01_7_additional;26,29,34;36,36,38;215,164,143
00007563-01_4_full;47,46,52;65,63,66;241,206,187
00005135-01_1_front;253,253,255;253,253,255;165,119,96
00007073-10_7_additional;207,198,191;24,28,31;211,163,140
00001361-01_7_additional;40,41,45;31,31,33;159,96,63
00000633-02_1_front;242,241,239;227,224,219;226,178,158
00003517-01_4_full;224,223,231;24,28,31;165,108,81
00001496-01_4_full;124,159,199;189,171,151;234,189,168
00004729-02_4_full;195,194,190;44,49,81;222,154,105
00005897-03_4_full;251,251,253;233,222,228;251,225,210
00001595-02_1_front;244,243,249;32,32,32;202,150,128
00000653-01_7_additional;61,56,62;82,32,35;230,185,154
00002675-03_1_front;36,49,94;227,226,224;228,192,166
00002209-03_4_full;38,18,19;21,22,27;245,212,193
00001246-01_4_full;251,252,246;86,139,215;216,155,100
00006535-10_1_front;65,65,77;59,64,84;248,220,198
00006688-11_7_additional;253,253,253;38,66,103;249,227,213
00000955-01_1_front;41,48,67;167,103,41;90,54,38
00002921-01_4_full;245,243,246;50,46,45;189,134,104
00002902-01_1_front;15,16,20;68,15,23;226,180,157
00002096-01_4_full;239,238,236;110,137,167;209,164,141
00002381-03_7_additional;68,65,84;57,47,46;240,208,183
00001121-05_4_full;63,68,98;180,178,183;237,193,168
00007805-01_1_front;191,191,189;29,38,47;204,153,124
00004812-01_4_full;231,230,238;19,23,24;170,105,77
00002035-01_1_front;242,241,247;10,12,11;245,221,209
00005092-05_4_full;72,30,42;40,40,52;217,169,147
00001088-01_1_front;127,150,192;30,34,45;230,191,174
00001919-11_1_front;227,236,245;129,162,193;211,163,141
00004372-03_4_full;238,238,238;75,74,80;208,154,120
00002179-01_4_full;241,237,234;29,28,26;191,140,111
00007539-01_4_full;251,251,253;108,146,185;178,117,89
00003228-14_4_full;122,112,113;104,86,66;174,109,81
00007125-04_4_full;83,134,161;53,52,58;236,197,168
00000649-01_4_full;108,36,47;207,200,182;228,182,146
00007966-01_4_full;244,243,249;53,56,61;167,104,73
00003336-08_6_flat;127,36,43;63,8,11;51,3,3
00002249-02_4_full;236,236,238;29,33,45;226,181,158
00003470-18_4_full;37,39,52;26,27,32;162,115,99
00000089-15_4_full;76,74,88;137,52,57;175,122,91
00001685-01_4_full;225,247,183;30,30,32;175,125,98
00005160-12_4_full;73,120,198;214,201,185;214,166,144
00005062-01_4_full;51,51,51;28,27,23;221,176,147
00006688-02_7_additional;246,245,251;190,191,196;238,203,183
00001595-01_7_additional;31,30,28;34,33,29;149,91,67
00003736-05_4_full;239,238,244;22,21,17;231,189,165
00002638-01_7_additional;64,63,69;47,49,61;226,186,161
00003768-01_1_front;44,43,49;95,99,108;180,134,101
00001563-01_4_full;236,244,247;25,24,20;200,151,121
00004332-01_4_full;56,54,57;84,35,38;223,170,139
00002675-02_1_front;234,231,226;173,191,205;216,181,161
00007719-01_1_front;51,47,48;221,225,198;165,101,74
00002163-06_4_full;45,57,69;38,37,43;191,148,132
00005097-05_4_full;76,73,80;53,66,100;222,174,138
00007224-03_4_full;86,85,91;27,28,33;185,142,126
00002313-03_4_full;63,78,99;45,44,50;214,166,144
00005799-03_7_additional;216,217,222;41,39,44;219,171,157
00001679-02_7_additional;32,37,41;183,171,159;110,57,39
00002241-01_4_full;114,15,33;226,226,226;127,79,65
00006723-02_7_additional;247,245,246;227,223,214;201,155,132
00000989-01_1_front;30,31,35;236,236,238;114,61,43
00003330-01_1_front;218,218,220;26,26,26;187,127,99
00005826-01_7_additional;244,244,246;31,31,33;199,153,130
00001774-31_4_full;120,167,183;28,29,34;209,172,154
00002245-01_4_full;229,228,234;27,26,22;233,188,165
00001098-02_4_full;254,254,254;240,239,245;251,228,214
00003125-04_4_full;254,254,254;23,23,33;228,199,185
00001636-01_4_full;214,214,214;175,180,184;121,69,55
00000305-01_4_full;29,32,37;231,231,233;173,115,91
00000881-02_4_full;153,156,175;72,73,94;206,160,137
00000193-08_7_additional;185,108,38;197,189,176;217,174,157
00006351-01_1_front;249,249,249;241,241,239;196,143,103
00000527-02_1_front;237,238,243;166,187,206;175,114,86
00002383-02_4_full;130,132,145;42,42,50;240,205,185
00004958-02_4_full;212,212,222;185,167,145;70,42,31
00005955-15_1_front;247,164,160;213,200,181;203,186,160
00007717-01_4_full;33,33,35;245,244,250;183,128,98
00006830-09_7_additional;28,44,67;46,59,111;244,216,205
00000755-03_1_front;44,43,49;199,202,209;212,162,137
00006167-01_4_full;230,233,242;31,31,33;179,125,99
00003060-09_4_full;74,40,57;34,29,35;232,191,173
00005322-01_1_front;247,246,252;170,169,175;165,101,74
00005151-06_1_front;232,241,250;224,185,188;217,170,150
00006812-03_7_additional;241,239,240;210,163,143;234,198,174
00000653-04_4_full;125,97,86;56,55,63;219,169,134
00001881-02_4_full;253,253,255;21,22,27;214,147,104
00004713-01_4_full;31,33,45;71,24,30;204,159,140
00003062-01_4_full;247,246,252;28,29,24;106,59,43
00004332-06_4_full;220,174,76;42,42,54;203,157,134
00002006-06_7_additional;231,231,233;102,66,70;190,142,120
00005858-11_4_full;152,139,123;199,202,209;144,86,62
00000428-06_4_full;32,32,42;62,61,66;227,194,175
00003612-11_1_front;216,214,215;194,68,79;233,195,174
00007800-01_4_full;25,30,36;240,236,233;249,227,214
00000978-02_4_full;251,251,253;21,20,18;244,217,206
00002431-01_4_full;13,13,13;254,254,254;160,96,60
00000094-01_4_full;50,45,51;48,43,49;234,195,178
00005615-01_1_front;36,35,33;33,32,30;197,139,117
00002006-08_7_additional;238,238,240;114,106,93;220,175,156
00007048-01_4_full;250,250,252;136,123,104;195,130,90
00005213-03_4_full;80,47,56;87,51,61;181,127,91
00006765-02_7_additional;187,186,192;44,44,32;166,102,75
00002439-02_4_full;47,47,59;51,49,62;236,199,183
00006535-09_1_front;249,249,251;183,127,68;221,172,142
00005358-04_4_full;250,250,252;187,185,188;205,151,127
00001881-01_4_full;247,246,252;207,116,97;180,114,79
00006117-01_4_full;255,255,251;28,26,29;219,159,122
00007917-01_1_front;96,48,60;103,50,66;239,189,130
00002243-01_4_full;26,26,28;80,106,141;190,131,97
00007048-02_4_full;247,247,249;82,108,123;211,147,109
00000089-18_4_full;33,31,34;228,182,84;225,180,151
00005590-02_7_additional;216,215,213;21,21,21;220,182,159
00002816-02_1_front;202,128,83;239,198,93;202,145,116
00006697-01_4_full;236,236,238;169,169,171;231,187,158
00007723-02_1_front;226,225,231;23,23,25;223,175,152
00003570-01_7_additional;254,254,254;16,16,14;173,116,86
00002315-06_1_front;85,111,124;215,205,180;247,221,198
00003203-01_1_front;35,39,42;83,86,93;167,106,78
00006325-01_4_full;27,27,25;65,69,72;133,73,47
00002866-02_1_front;197,196,201;51,45,47;214,171,152
00001540-03_4_full;175,174,182;196,189,183;190,139,118
00007723-12_7_additional;26,85,115;32,38,50;194,144,119
00006532-06_1_front;116,175,215;176,174,179;158,108,85
00006829-02_7_additional;229,230,235;32,31,29;181,133,111
00000931-02_4_full;252,252,254;154,153,158;159,98,70
00005528-08_4_full;62,21,29;35,34,40;249,229,218
00007301-10_6_flat;235,178,3;48,43,49;214,164,137
00002760-01_4_full;49,74,79;28,29,34;188,131,111
00001008-05_4_full;154,142,154;47,42,39;223,174,157
00003063-02_7_additional;240,243,248;71,66,70;193,151,126
00002110-12_7_additional;23,36,53;182,203,220;230,194,172
00001571-10_1_front;244,202,2;68,62,62;215,157,120
00001198-01_7_additional;222,222,224;230,230,232;195,147,127
00004170-04_4_full;240,238,239;181,166,145;229,196,177
00006558-01_7_additional;172,172,174;26,26,28;110,62,48
00000642-02_4_full;178,177,175;156,175,192;202,156,133
00005160-09_4_full;229,228,234;201,183,163;219,173,150
00003980-01_4_full;172,212,220;20,21,16;97,54,37
00005939-01_7_additional;177,177,189;176,189,197;145,88,68
00006912-09_4_full;255,172,158;236,130,117;173,106,80
00007228-01_4_full;180,180,182;28,28,30;106,62,49
00006585-01_7_additional;26,25,21;215,220,224;135,75,51
00007613-01_4_full;237,237,239;33,33,41;241,209,194
00007361-01_1_front;231,229,230;140,139,144;227,199,178
00001008-01_7_additional;40,41,46;58,57,65;225,168,139
00005136-01_4_full;233,232,230;218,218,220;245,198,156
00001137-01_4_full;200,199,205;31,34,41;194,140,104
00003128-01_1_front;35,25,24;156,7,27;198,137,106
00002110-20_1_front;226,224,229;210,153,38;195,136,106
00000846-02_4_full;255,255,255;25,21,20;176,116,82
00000767-01_4_full;32,47,76;25,30,36;236,194,172
00001056-01_4_full;161,161,163;17,17,17;222,186,162
00007967-02_4_full;246,245,250;54,49,53;209,149,115
00005261-01_7_additional;169,169,171;226,226,226;116,70,57
00006535-03_1_front;219,220,224;214,213,218;242,212,186
00003470-06_4_full;153,203,200;194,193,198;232,171,126
00007209-01_4_full;238,236,241;125,119,119;159,108,87
00002317-01_4_full;33,28,32;19,15,16;231,197,170
00001774-17_4_full;61,55,55;53,49,50;205,139,104
00001922-01_1_front;244,243,249;20,18,21;219,171,149
00000390-16_4_full;253,253,255;21,22,27;247,227,216
00000527-01_7_additional;39,39,41;0,35,41;98,56,40
00002315-01_1_front;56,51,57;56,54,65;234,192,170
00007224-01_4_full;246,246,248;206,180,147;158,94,67
00004259-01_4_full;39,36,43;41,41,43;232,190,174
00005152-05_7_additional;218,216,217;24,24,24;194,153,133
00001281-01_7_additional;12,12,10;18,18,16;246,229,219
00006877-02_4_full;100,99,107;53,51,62;244,217,206
00002672-01_4_full;46,45,51;42,38,37;177,116,88
00002898-05_7_additional;240,239,245;124,132,143;122,66,39
00000166-02_4_full;250,250,252;30,30,30;252,235,227
00003060-01_1_front;113,113,125;25,23,28;241,208,189
00001581-09_7_additional;208,213,217;200,191,182;190,139,110
00002692-12_7_additional;81,42,61;47,44,51;207,156,129
00005876-01_1_front;47,46,52;36,61,66;164,114,91
00003228-29_4_full;57,113,138;32,30,33;206,160,137
00006335-01_1_front;21,20,18;16,16,16;193,138,97
00003180-01_4_full;238,237,242;176,152,118;191,131,95
00000705-06_7_additional;74,44,42;121,155,183;215,174,154
00004531-02_4_full;240,247,255;223,236,245;252,234,222
00003470-03_4_full;248,247,253;176,175,181;214,142,102
00004638-01_4_full;61,55,59;177,168,159;214,135,94
00006959-01_1_front;98,123,164;32,36,48;213,162,141
00007029-01_7_additional;22,21,17;16,16,14;101,52,37
00007323-01_1_front;245,245,247;57,49,47;201,151,116
00005858-13_7_additional;239,237,238;33,31,32;155,97,73
00006359-01_7_additional;16,17,22;16,22,34;247,228,221
00001774-25_4_full;192,0,37;15,13,26;225,157,112
00003470-07_4_full;255,76,79;206,206,208;220,152,103
00000240-01_4_full;242,242,244;208,199,192;196,153,134
00005597-01_1_front;88,86,100;25,27,40;226,180,156
00004336-01_4_full;243,243,245;13,17,20;188,141,115
00003228-23_4_full;104,100,117;122,112,77;218,145,102
00006298-02_7_additional;19,19,21;71,81,93;112,61,42
00002866-01_1_front;222,222,224;36,35,41;212,156,131
00005213-02_4_full;65,66,86;63,62,78;173,119,85
00005799-03_1_front;201,202,207;42,40,45;213,164,150
00002663-01_1_front;243,242,248;90,88,101;197,137,113
00000089-27_7_additional;242,242,244;134,103,75;233,192,172
00001802-02_4_full;32,30,31;52,49,56;241,213,201
00000273-01_1_front;189,187,190;58,53,59;238,199,170
00001315-02_4_full;236,235,241;41,41,43;239,202,183
00000702-07_1_front;130,130,140;183,88,92;194,143,122
00004328-02_4_full;52,59,87;20,20,22;241,192,152
00003434-01_4_full;198,196,197;94,123,157;219,181,160
00006382-01_7_additional;28,28,28;13,13,11;140,78,55
00003076-02_1_front;237,236,242;163,179,192;220,184,160
00007073-09_1_front;36,38,51;26,26,28;221,176,155
00004852-02_4_full;251,252,246;181,120,101;221,158,105
00007297-01_7_additional;50,66,100;227,227,227;123,74,59
00005679-02_7_additional;247,248,243;39,34,31;231,176,135
00005451-01_4_full;44,39,43;48,39,42;220,166,142
00000716-04_4_full;22,23,28;223,196,175;230,187,168
00007322-01_1_front;44,40,41;42,53,83;229,184,155
00003527-01_1_front;249,249,251;13,13,13;218,167,136
00006790-09_7_additional;103,42,57;186,173,157;213,164,147
00007723-11_7_additional;101,85,62;33,33,35;225,175,150
00000167-01_4_full;253,253,255;16,16,18;249,222,211
00006132-01_4_full;44,43,48;193,178,157;179,122,95
00006912-06_4_full;236,235,241;221,220,226;138,76,55
00001109-01_1_front;237,238,242;150,136,136;143,88,58
00001571-01_4_full;39,37,38;207,196,178;174,109,79
00004514-01_4_full;28,29,33;109,67,27;162,102,74
00006357-01_4_full;252,255,255;193,207,220;248,215,196
00002381-01_1_front;54,49,53;93,88,92;232,188,163
00005931-03_1_front;106,43,54;36,34,37;218,172,148
00001462-03_4_full;20,24,36;16,19,24;169,106,75
00006688-10_4_full;21,34,53;164,159,155;250,222,218
00007643-01_4_full;219,204,211;117,153,189;198,141,112
00000256-02_4_full;249,246,239;73,72,90;251,225,188
00000185-01_4_full;167,138,122;45,43,48;243,219,207
00002115-01_1_front;17,17,19;232,232,234;236,217,203
00005086-02_1_front;231,230,236;115,114,120;213,161,137
00007887-02_1_front;239,238,244;25,24,20;155,91,66
00007770-08_7_additional;152,1,20;184,164,140;242,215,194
00000296-06_1_front;249,206,213;182,169,153;217,167,144
00006535-05_1_front;94,99,129;86,90,117;240,209,181
00003140-01_4_full;52,72,105;162,136,109;232,204,183
00004304-03_4_full;204,204,206;190,173,155;160,100,72
00003028-01_7_additional;242,242,244;28,27,25;182,130,106
00001831-03_4_full;67,69,92;218,207,185;244,214,190
00000223-01_4_full;43,38,42;168,181,189;196,146,123
00000226-05_7_additional;18,22,34;16,21,25;171,112,80
00006532-08_7_additional;44,42,43;154,152,157;236,212,200
00002310-01_4_full;24,23,21;54,22,25;216,179,161
00002667-01_7_additional;236,237,242;199,215,230;244,225,210
00007492-05_4_full;71,69,70;43,41,42;137,85,64
00000938-02_1_front;77,72,76;57,47,46;237,205,184
00001866-07_4_full;234,239,243;44,43,49;190,130,102
00003612-02_7_additional;196,196,208;201,190,172;204,153,132
00006787-01_4_full;97,92,98;218,209,192;197,142,111
00006558-01_6_flat;177,177,179;24,24,26;108,62,47
00002638-10_1_front;143,41,52;40,44,55;218,176,152
00000661-01_1_front;233,237,248;51,45,45;226,175,156
00002638-09_1_front;57,60,69;99,128,160;236,199,183
00003600-02_1_front;240,239,245;184,182,185;244,222,209
00001955-01_4_full;32,36,47;27,30,35;183,130,99
00001105-01_7_additional;59,54,60;40,37,44;219,176,157
00004249-09_4_full;254,254,254;138,136,150;251,229,218
00000854-01_4_full;221,220,226;43,47,59;234,197,171
00000938-03_7_additional;242,242,244;160,33,44;207,143,108
00000463-06_4_full;243,240,247;188,170,148;186,136,109
00005799-08_4_full;209,55,67;56,48,46;218,169,155
00002381-06_7_additional;58,116,140;42,38,39;236,200,174
00007073-01_1_front;65,60,64;19,19,21;215,167,145
00006424-05_4_full;236,235,241;195,224,232;167,103,76
00000296-05_4_full;192,214,238;187,176,158;218,172,149
00001808-06_1_front;143,137,111;211,210,215;147,91,66
00003853-02_4_full;34,36,49;24,25,30;208,168,156
00007494-01_4_full;30,26,27;17,13,14;230,194,170
00007301-11_7_additional;124,112,90;37,35,38;227,183,158
00003336-08_7_additional;158,53,60;208,208,210;209,160,130
00007063-01_4_full;60,64,93;227,226,232;239,211,190
00005603-03_4_full;237,238,242;28,32,35;205,160,139
00002110-19_1_front;227,225,230;173,168,198;175,109,83
00000089-01_7_additional;110,48,63;33,32,30;207,150,120
00002179-01_1_front;250,249,247;24,23,21;230,192,171
00006243-01_4_full;193,194,198;97,132,160;171,114,85
00002110-03_7_additional;23,35,49;45,49,76;201,146,126
00006190-04_4_full;185,174,188;154,142,152;182,118,83
00007301-12_7_additional;247,247,249;40,40,52;217,170,144
00003010-01_7_additional;240,240,242;155,177,200;199,152,136
00001571-12_4_full;251,251,253;91,76,57;232,191,161
00007421-01_4_full;254,254,254;18,18,16;244,230,221
00001903-03_7_additional;49,50,55;42,48,62;220,167,136
00003736-07_4_full;37,42,62;206,206,208;238,192,169
00004622-01_4_full;253,253,253;32,30,31;245,222,214
00000226-05_1_front;14,18,30;16,20,23;164,104,76
00005769-02_4_full;64,62,76;139,155,178;223,172,141
00000193-05_1_front;241,241,243;201,197,186;210,172,153
00007414-01_4_full;220,219,227;203,144,88;239,210,196
00006131-01_4_full;229,229,231;71,76,82;134,82,60
00004064-01_4_full;80,114,152;70,67,74;232,194,173
00002603-06_7_additional;38,83,106;196,184,158;242,200,176
00000193-06_7_additional;246,246,248;223,221,222;126,80,65
00004486-06_4_full;55,60,90;244,240,231;235,190,159
00001097-01_4_full;64,63,77;68,67,81;233,160,119
00005986-03_4_full;48,45,52;31,33,48;198,134,99
00000390-13_4_full;252,252,254;17,20,27;214,172,156
00003131-01_4_full;244,244,246;211,207,196;195,145,122
00001571-11_1_front;124,108,85;59,53,55;235,199,175
00004798-04_4_full;93,95,116;18,21,26;246,215,195
00004117-10_4_full;234,234,236;226,235,244;168,111,82
00000582-01_7_additional;227,225,226;232,228,225;189,135,107
00005475-01_4_full;253,253,253;17,18,22;251,225,210
00003489-09_4_full;222,232,242;91,89,102;183,118,96
00006535-08_1_front;220,220,222;207,57,68;234,189,156
00006585-02_7_additional;235,236,241;22,22,20;124,67,47
00001366-05_4_full;253,243,242;203,176,147;171,103,64
00006292-06_4_full;253,253,253;136,148,188;245,221,209
00004343-01_4_full;54,32,44;29,28,34;224,181,165
00007090-02_7_additional;20,21,16;35,34,30;184,132,92
00001021-06_4_full;0,47,53;110,129,144;174,114,86
00002375-01_7_additional;45,48,55;85,117,155;209,161,138
00002710-01_1_front;68,64,61;251,251,251;157,93,58
00002110-01_7_additional;218,216,219;31,31,33;194,148,122
00004014-01_4_full;42,38,37;26,22,21;187,117,81
00007555-01_7_additional;133,131,134;46,62,85;152,96,69
00002565-01_1_front;42,36,40;45,39,41;219,162,142
00002638-02_1_front;233,236,241;59,57,62;222,180,156
00001774-06_4_full;213,194,179;37,37,49;153,106,88
00006756-01_1_front;21,22,17;191,200,207;226,195,175
00000697-05_1_front;234,234,236;142,162,187;194,133,105
00000390-12_1_front;253,253,255;17,20,27;244,224,213
00001948-02_4_full;57,106,138;88,120,158;235,190,171
00001012-01_7_additional;236,235,241;235,235,237;144,88,63
00001859-03_1_front;253,253,255;0,96,125;221,175,152
00000650-01_1_front;36,42,54;104,42,47;217,170,144
00001774-05_4_full;107,97,98;39,43,55;181,115,80
00001896-01_4_full;183,181,184;209,202,194;194,146,126
00000270-01_4_full;252,253,247;96,48,60;191,117,72
00002029-01_1_front;245,246,250;198,205,211;180,116,89
00003736-01_1_front;38,36,37;179,177,180;238,206,185
00001105-02_7_additional;214,158,83;33,38,58;216,170,146
00005349-02_4_full;35,33,34;32,30,31;192,146,113
00006703-01_4_full;250,250,250;92,124,162;203,150,118
00006147-10_4_full;66,64,77;57,63,79;245,214,186
00003336-07_1_front;156,157,175;202,202,204;224,175,143
00007818-01_4_full;238,238,240;23,25,24;228,196,175
00005713-03_7_additional;193,191,192;16,15,11;201,144,115
00000638-02_4_full;32,30,31;48,47,52;183,118,80
00004852-01_4_full;248,249,244;34,30,27;202,132,83
00002866-03_4_full;193,192,197;49,45,46;223,175,153
00002735-01_1_front;213,214,219;57,62,91;195,145,108
00004606-01_4_full;27,28,23;20,21,26;169,106,71
00005013-02_4_full;226,225,233;164,176,188;144,86,66
00007937-01_1_front;220,212,165;22,24,23;175,114,85
00002638-03_1_front;38,43,63;36,35,41;186,139,121
00001866-06_4_full;250,176,175;44,42,47;183,122,94
00007466-08_4_full;152,155,160;36,36,38;225,183,161
00006968-01_7_additional;70,76,92;234,234,236;230,195,176
00003470-11_4_full;23,164,191;21,19,22;237,175,126
00001919-09_1_front;224,223,229;83,116,147;210,162,140
00001375-01_1_front;217,217,219;119,119,121;77,49,37
00001783-01_4_full;20,20,20;15,14,12;249,231,221
00002110-16_7_additional;238,238,240;68,135,144;213,176,158
00006039-03_7_additional;28,33,37;119,107,121;226,181,158
00002892-01_4_full;233,232,238;58,59,63;165,100,70
00005528-06_4_full;26,26,28;39,38,46;250,224,211
00002754-01_4_full;34,36,49;25,27,40;241,210,190
00002902-01_4_full;16,17,22;82,21,29;214,167,137
00001919-01_1_front;246,245,251;157,187,215;190,133,114
00004117-04_4_full;34,37,56;219,210,193;173,108,80
00004713-02_4_full;28,28,30;49,59,60;201,155,132
00002911-01_1_front;200,200,200;204,187,167;235,207,186
00007280-01_4_full;250,250,252;41,39,44;220,187,168
00005751-01_4_full;180,208,194;16,21,27;188,141,113
00003216-06_7_additional;243,248,252;18,23,27;171,112,82
00001345-08_4_full;30,74,103;92,138,171;180,105,65
00006912-08_7_additional;83,143,197;63,110,166;203,142,114
00003216-03_1_front;153,152,158;11,16,20;164,107,80
00004046-01_4_full;180,186,200;188,103,38;163,99,72
00000932-01_7_additional;15,24,39;18,27,44;169,108,80
00005955-06_4_full;236,235,241;207,191,166;227,181,157
00001483-01_4_full;213,225,239;19,23,26;198,149,119
00007723-01_1_front;25,28,33;23,32,41;229,184,163
00000290-05_7_additional;252,252,254;57,18,23;244,215,201
00006963-11_1_front;48,47,63;35,35,47;212,152,124
00000945-03_4_full;214,214,216;56,54,55;194,137,107
00004117-05_4_full;202,106,110;30,29,37;208,160,138
00007917-01_4_full;95,47,59;103,50,66;229,164,108
00001875-01_7_additional;74,72,77;64,62,65;224,173,156
00001207-07_4_full;24,39,58;67,50,30;244,220,208
00002795-01_4_full;64,59,66;164,58,62;213,165,143
00005608-01_7_additional;252,252,252;58,56,61;174,114,78
00003216-05_1_front;250,245,242;11,15,18;167,110,81
00007272-01_4_full;230,230,232;13,13,13;212,174,153
00001723-05_1_front;49,50,54;67,61,39;197,140,111
00005515-01_7_additional;215,224,231;66,75,84;217,170,144
00006287-01_7_additional;237,240,245;29,31,30;194,134,98
00002692-07_1_front;36,37,42;132,134,147;224,179,156
00007564-03_4_full;42,39,46;37,36,42;224,182,168
00007246-05_4_full;31,54,122;32,32,34;202,155,127
00000353-02_7_additional;23,35,49;23,31,44;232,189,170
00007570-01_1_front;216,217,221;55,55,67;240,205,177
00001329-01_4_full;216,222,236;44,41,58;136,87,73
00007741-02_4_full;17,61,136;195,194,199;207,161,138
00002638-05_1_front;101,94,78;37,43,55;223,183,158
00000877-01_7_additional;247,250,255;227,189,166;245,218,199
00004530-18_4_full;236,177,135;168,146,123;137,75,50
00000898-04_4_full;246,255,255;85,101,152;241,202,159
00006116-01_1_front;38,34,35;172,182,191;228,193,171
00005697-01_4_full;206,205,210;191,155,119;183,125,88
00005882-01_7_additional;243,240,247;181,180,186;182,128,102
00002913-01_4_full;32,26,28;244,243,241;237,206,185
00004328-01_4_full;31,32,36;26,26,28;225,173,134
00005971-01_7_additional;63,60,67;39,36,43;216,175,155
00003280-01_7_additional;242,238,235;237,234,229;112,56,39
00001581-09_1_front;175,184,193;192,183,174;168,111,84
00005557-06_7_additional;232,231,236;22,22,32;210,164,141
00005986-07_4_full;157,62,60;39,37,42;203,143,107
00007073-07_7_additional;157,149,146;26,26,26;205,151,127
00006325-02_4_full;242,241,247;12,12,12;164,100,73
00001919-09_7_additional;222,220,225;139,170,199;137,85,64
00002818-01_7_additional;207,202,209;32,31,37;191,140,119
00001919-03_1_front;49,48,54;175,203,227;214,167,147
00007066-08_1_front;252,252,254;233,164,86;225,177,154
00006826-03_7_additional;229,228,234;194,200,214;252,235,228
00005931-03_7_additional;212,212,212;51,45,49;229,183,159
00004170-06_4_full;195,193,196;178,162,139;243,220,206
00003470-05_4_full;35,36,54;211,212,216;240,180,130
00000396-01_1_front;54,46,35;189,177,155;210,156,128
00003349-01_4_full;54,55,76;242,240,241;208,152,125
00000294-01_4_full;63,61,62;20,18,21;218,143,104
00005971-01_1_front;62,59,66;26,24,29;195,140,109
00000978-01_4_full;28,27,25;21,20,18;238,202,186
00007583-01_4_full;21,21,19;18,22,25;240,214,199
00002110-10_7_additional;21,33,49;190,191,186;251,229,216
00001207-06_4_full;254,254,254;19,25,39;251,229,218
00007171-01_4_full;46,42,39;48,47,43;242,213,197
00004249-11_4_full;254,254,254;119,166,212;251,229,216
00001918-02_1_front;33,33,33;134,60,23;109,58,39
00002494-01_4_full;63,41,44;146,142,143;231,196,176
00005063-01_7_additional;22,22,22;7,9,6;125,82,66
00003197-07_1_front;197,196,202;224,234,244;245,221,209
00002638-05_7_additional;118,111,93;54,56,68;163,128,109
00005320-01_7_additional;251,250,255;46,45,63;192,138,112
00007770-02_7_additional;29,28,24;130,107,76;180,164,141
00000572-01_4_full;255,255,255;15,15,15;170,105,75
00007723-03_1_front;29,34,56;23,23,25;237,196,176
00007073-01_7_additional;49,47,50;34,34,36;215,169,146
00005910-01_4_full;33,31,34;110,105,111;232,180,141
00000991-01_7_additional;246,245,251;26,27,32;158,107,80
00005144-01_4_full;42,42,42;203,217,230;247,221,206
00004117-08_4_full;61,55,55;52,48,49;213,145,108
00003470-15_4_full;249,112,76;18,16,17;229,164,122
00005910-05_4_full;245,68,74;97,85,87;248,222,199
00003336-10_4_full;236,211,85;26,24,25;207,159,136
00003470-01_4_full;24,22,23;203,203,205;235,172,121
00005897-01_4_full;252,252,252;228,227,233;248,222,205
00002315-08_4_full;229,178,95;74,76,91;236,199,172
00003009-01_4_full;19,19,19;93,89,86;236,200,186
00005160-11_4_full;63,102,107;214,201,185;216,166,143
00007723-11_1_front;89,76,59;24,24,26;219,173,140
00000911-01_4_full;28,26,27;52,31,12;211,147,120
00000694-01_4_full;173,184,202;251,249,250;243,219,207
00000078-03_1_front;15,25,35;227,236,245;251,232,225
00005679-01_4_full;40,36,35;41,36,40;252,218,180
00003125-07_7_additional;14,14,14;13,12,10;118,61,42
00000390-09_7_additional;253,253,255;18,19,24;222,176,161
00002857-01_4_full;252,251,255;20,20,18;240,218,204
00003470-02_4_full;129,121,119;199,198,203;236,176,126
00005160-15_1_front;255,158,139;23,20,15;241,213,192
00003736-01_7_additional;52,50,53;192,190,193;245,213,192
00003692-01_1_front;253,253,253;14,17,22;255,238,228
00002035-02_4_full;172,202,226;143,176,207;241,212,194
00004170-05_4_full;25,27,40;164,146,122;235,206,188
00006688-03_4_full;19,32,49;28,33,53;249,232,224
00001222-04_4_full;4,43,60;13,13,13;191,127,92
00006299-02_4_full;42,48,60;30,33,40;182,127,96
00000568-01_1_front;154,155,160;170,171,176;199,154,131
00006208-07_4_full;159,173,199;11,16,22;235,207,186
00007441-01_4_full;24,24,26;25,25,27;102,58,45
00000568-01_7_additional;161,162,167;181,182,187;202,157,134
00001783-01_1_front;24,23,21;25,19,19;244,224,217
00007633-01_1_front;230,229,234;28,27,32;250,230,221
00007246-01_4_full;36,37,41;24,24,26;237,199,178
00002375-01_1_front;39,40,45;69,98,132;203,151,130
00004292-07_4_full;246,245,251;123,65,61;156,92,65
00002110-02_7_additional;30,45,64;245,241,240;250,230,219
00006055-01_4_full;37,44,50;28,34,46;188,117,75
00005680-01_1_front;244,242,247;178,125,133;195,138,109
00005966-01_7_additional;252,252,254;69,68,66;208,158,133
00005910-03_4_full;201,200,208;90,85,91;240,185,146
00000078-01_1_front;246,245,251;27,34,44;169,108,79
00000428-07_4_full;71,38,45;51,51,53;191,146,113
00005557-01_4_full;45,43,48;212,205,187;211,174,155
00001774-07_4_full;210,232,243;27,30,39;180,102,64
00000615-02_4_full;222,221,227;51,49,52;228,191,172
00001198-02_7_additional;216,216,218;201,194,178;190,139,122
00006972-01_4_full;48,50,65;181,200,207;240,188,141
00000527-02_7_additional;242,241,247;187,201,212;156,94,73
00005307-01_4_full;31,31,31;21,21,21;232,195,177
00000390-17_1_front;252,252,254;232,241,250;243,219,207
00001037-02_4_full;240,239,245;24,23,21;159,102,73
00003228-13_4_full;34,37,56;95,89,93;177,112,84
00002167-01_4_full;219,217,222;45,39,41;223,167,130
00000712-02_4_full;144,113,111;189,155,128;231,187,174
00002565-02_1_front;237,242,248;47,45,56;225,182,166
00005928-01_1_front;234,233,239;188,187,193;165,101,76
00002605-01_4_full;65,59,61;170,128,132;164,102,77
00000702-07_7_additional;132,132,142;189,95,96;215,178,159
00007365-01_7_additional;31,30,36;32,33,38;195,146,114
00001276-01_4_full;45,39,43;50,54,89;233,174,118
00000321-01_4_full;127,128,133;254,254,254;251,231,222
00002571-01_1_front;234,244,246;14,14,12;235,195,170
00006477-01_4_full;38,37,43;163,162,168;203,154,124
00007073-09_7_additional;33,35,48;25,26,30;215,164,143
00004987-01_4_full;30,33,52;191,173,153;148,87,59
00003327-01_4_full;231,214,194;35,30,26;243,212,192
00002209-02_4_full;113,113,123;23,24,29;241,214,197
00006688-15_1_front;26,25,21;182,0,23;221,190,170
00003872-01_7_additional;153,120,77;166,132,95;213,165,142
00003692-01_4_full;253,253,253;22,23,28;250,230,219
00001985-01_4_full;69,70,100;209,202,186;203,143,107
00003132-01_7_additional;123,119,118;22,22,22;199,162,143
00002103-02_4_full;231,226,222;17,18,22;241,179,140
00002898-09_7_additional;216,215,221;151,190,197;169,110,80
00004530-01_4_full;56,51,55;234,227,219;168,106,81
00000216-03_1_front;237,236,242;54,57,62;227,199,178
00005955-14_4_full;198,223,202;187,166,135;226,184,162
00004117-17_4_full;199,228,234;33,32,38;207,155,131
00005063-01_1_front;13,13,11;8,10,9;248,233,226
00003470-10_4_full;2,122,208;25,28,35;226,167,125
00001266-01_1_front;197,215,227;174,156,132;229,197,176
00004917-03_4_full;205,228,246;215,206,197;227,194,177
00000161-01_4_full;204,203,209;19,19,21;207,159,137
00000265-01_1_front;243,244,248;14,14,12;100,53,37
00007027-01_1_front;245,246,248;36,42,54;214,164,141
00003010-01_1_front;243,241,242;42,43,61;214,168,153
00006535-06_1_front;61,60,68;74,96,109;242,207,179
00001679-02_1_front;32,37,41;141,128,112;56,28,17
00000296-06_7_additional;245,198,206;185,172,156;213,170,151
00005605-01_4_full;236,235,243;35,33,34;154,89,61
00004550-04_4_full;127,121,133;212,208,199;229,191,170
00002110-09_7_additional;221,221,223;66,52,51;167,111,86
00001919-12_7_additional;215,230,235;120,150,176;117,70,54
00002249-12_4_full;28,84,109;32,36,48;230,190,165
00003219-03_1_front;167,40,49;25,25,27;199,139,111
00006298-01_7_additional;246,245,251;134,129,126;208,151,122
00007224-02_4_full;30,24,24;212,188,152;175,110,82
00000615-01_7_additional;33,32,38;20,20,20;223,186,170
00001571-03_4_full;78,76,81;210,199,181;192,135,105
00004685-02_4_full;38,36,41;28,26,27;243,217,204
00007323-02_1_front;246,246,248;189,189,191;194,135,103
00000120-01_4_full;237,235,238;208,197,177;228,187,167
00001088-01_7_additional;134,156,197;34,37,46;225,184,166
00001027-01_7_additional;233,233,235;212,204,193;182,123,93
00007309-10_1_front;62,94,135;231,230,226;207,156,129
00006424-04_4_full;244,242,247;17,16,12;194,145,115
00005940-01_4_full;57,21,21;24,32,43;163,107,72
00000531-02_7_additional;247,250,255;190,109,44;141,81,57
00004550-06_4_full;63,121,145;221,214,198;238,203,183
00004391-01_4_full;65,26,27;12,13,17;248,228,217
00002541-01_4_full;246,244,247;30,32,45;131,85,72
00006383-02_4_full;117,120,127;77,76,82;124,78,63
00001287-02_1_front;39,34,30;248,235,226;211,156,125
00003125-08_7_additional;25,28,37;83,87,99;150,89,61
00001672-02_1_front;23,39,65;180,183,190;231,203,191
00001866-05_4_full;143,149,173;215,206,199;168,107,79
00007066-06_4_full;247,246,252;209,45,46;226,180,157
00004550-02_4_full;250,250,252;140,120,96;234,187,157
00007865-03_7_additional;251,249,250;43,45,60;246,222,210
00004638-08_4_full;234,241,247;30,28,29;209,146,105
00004372-02_4_full;16,94,142;219,211,200;95,53,37
00000705-01_4_full;83,82,88;159,173,184;175,115,87
00005679-01_7_additional;39,35,32;228,228,218;249,216,175
00007066-05_4_full;247,246,252;42,50,87;228,182,159
00003177-01_4_full;38,37,43;38,38,40;182,125,96
00003393-01_4_full;202,211,220;202,194,191;203,152,131
00000463-04_4_full;242,239,246;197,180,160;149,93,70
00005955-11_4_full;204,185,213;189,170,140;212,160,139
00005160-01_7_additional;100,99,105;204,187,167;221,175,152
00003216-01_7_additional;249,253,255;228,237,246;162,103,73
00003330-01_7_additional;164,164,162;25,25,23;78,41,23
00001121-04_4_full;215,214,220;187,185,186;212,164,142
00007564-01_4_full;49,48,54;33,33,35;227,181,158
00001955-01_1_front;26,29,36;17,20,25;176,125,104
00003152-03_1_front;27,30,35;32,33,37;221,174,154
00000337-07_7_additional;221,219,220;170,95,40;194,149,128
00001092-03_1_front;47,45,46;188,187,185;216,164,140
00005931-01_7_additional;53,46,54;45,43,46;202,156,133
00003009-06_4_full;34,35,55;216,189,168;235,194,176
00005013-01_4_full;40,43,48;148,151,156;192,136,109
00003458-01_4_full;42,36,36;235,234,240;227,189,166
00004328-03_4_full;203,4,37;23,23,25;235,186,145
00007301-12_1_front;247,247,249;39,39,51;218,172,146
00007224-07_4_full;1,34,129;6,2,1;254,219,200
00005799-05_4_full;75,80,110;40,37,44;216,169,153
00001654-03_4_full;219,218,216;42,40,41;216,164,142
00000535-01_1_front;181,181,183;18,24,36;194,146,126
00002295-03_7_additional;192,194,206;42,44,67;251,231,224
00004319-01_4_full;57,55,58;42,42,52;198,140,103
00005799-04_4_full;151,68,76;56,69,103;216,168,132
00001903-03_4_full;49,51,66;49,54,74;220,178,156
00000122-01_4_full;83,83,91;38,41,50;226,181,158
00005055-01_4_full;240,241,245;222,214,203;104,57,37
00005152-05_1_front;224,222,225;20,20,22;198,160,141
00001510-05_1_front;53,51,54;96,39,46;232,191,163
00007301-03_4_full;73,71,76;215,206,189;180,116,88
00000256-03_4_full;41,36,40;59,53,57;219,170,140
00005745-02_4_full;251,251,253;113,119,141;180,119,91
00004305-02_4_full;40,38,39;33,31,32;117,79,68
00001490-01_4_full;70,60,61;198,165,122;215,147,110
00007723-10_7_additional;131,126,132;33,33,35;205,158,130
00005104-01_4_full;35,38,43;42,41,47;242,210,197
00000561-01_1_front;159,162,167;126,127,131;227,199,178
00002239-01_7_additional;30,28,29;16,15,11;193,143,116
00005396-01_4_full;245,245,247;215,203,187;221,169,129
00006703-01_1_front;250,250,252;64,99,137;234,189,168
00005955-08_7_additional;159,223,223;201,185,160;233,196,170
00002209-01_1_front;190,189,194;14,15,19;175,113,74
00007539-01_7_additional;247,246,252;93,127,162;206,150,117
00003470-20_4_full;43,42,47;27,26,32;167,120,104
00001875-03_4_full;51,54,71;48,54,70;223,182,162
00002638-01_1_front;45,43,48;36,42,54;224,179,156
00003356-01_7_additional;240,243,248;156,157,161;205,167,146
00002315-05_1_front;81,85,112;44,44,56;242,208,181
00006585-01_1_front;43,41,42;236,236,238;193,136,107
00001509-02_1_front;255,228,233;223,214,205;255,238,228
00006079-01_4_full;249,249,239;203,200,191;243,203,167
00005095-01_1_front;244,243,249;13,13,13;182,120,95
00006624-01_4_full;248,249,244;64,44,103;228,169,125
00002866-05_1_front;200,199,204;39,36,43;225,176,159
00002638-12_7_additional;201,191,182;13,13,13;216,175,157
00005444-01_4_full;70,68,79;233,232,228;233,198,179
00003228-28_4_full;222,168,34;31,30,38;213,167,144
00006208-05_4_full;193,192,198;25,24,22;148,91,62
00003302-01_4_full;28,27,23;34,34,34;183,148,129
00000562-02_4_full;249,234,241;222,213,196;165,106,74
00001675-01_7_additional;116,122,138;10,10,8;240,207,188
00003555-01_4_full;25,23,26;27,30,37;224,155,116
00000321-01_1_front;248,251,255;247,246,252;181,135,112
00005097-07_4_full;78,80,105;46,48,63;231,188,156
00005557-05_4_full;220,215,212;211,202,185;214,164,141
00004292-05_4_full;252,252,254;53,54,72;178,121,94
00003470-17_4_full;47,46,51;26,27,32;178,135,119
00007128-02_7_additional;252,251,255;192,199,215;239,207,186
00005811-01_4_full;240,241,246;41,40,46;170,109,81
00000063-02_4_full;235,234,240;184,181,188;182,143,128
00001239-07_4_full;220,219,225;30,30,32;182,130,109
00003553-01_7_additional;233,232,238;23,22,28;142,86,61
00003470-14_4_full;229,77,89;191,171,147;238,177,133
00005152-08_4_full;214,212,213;170,168,171;187,144,127
00002848-02_4_full;253,253,253;198,197,205;229,197,186
00000265-01_7_additional;248,249,253;19,18,14;152,87,59
00005280-01_4_full;248,251,255;25,38,70;242,214,200
00001919-01_7_additional;252,252,254;130,161,189;195,147,127
00007723-10_1_front;122,117,123;22,22,24;208,161,131
00003860-01_4_full;28,27,33;181,143,106;233,204,186
00002808-01_4_full;247,247,249;34,33,39;246,217,199
00002381-03_1_front;66,67,88;45,41,42;242,214,192
00007748-01_4_full;56,55,87;180,160,136;235,190,167
00001774-23_4_full;55,89,150;16,14,27;216,134,84
00001919-13_1_front;111,148,193;131,162,191;212,160,139
00002921-03_1_front;207,241,243;42,42,44;223,177,151
00002315-02_1_front;79,74,80;52,52,64;240,208,183
00003216-02_1_front;254,254,254;220,229,238;160,103,74
00004729-04_4_full;74,76,89;40,45,75;232,166,114
00000319-01_4_full;204,160,1;10,10,8;245,225,216
00007224-06_4_full;20,15,12;51,46,52;196,127,96
00005193-01_4_full;228,228,230;84,83,89;120,71,56
00001509-05_1_front;252,251,249;223,214,205;253,235,223
00001514-01_4_full;224,223,229;198,197,203;226,185,167
00000846-10_4_full;16,128,116;19,17,18;180,116,78
00003335-01_4_full;18,68,167;235,234,240;68,46,35
00005160-15_7_additional;245,125,109;16,15,11;196,149,119
00004794-06_4_full;76,31,52;40,37,44;228,190,167
00000597-02_4_full;57,60,93;252,125,132;223,160,106
00004671-01_4_full;64,87,121;136,162,179;232,174,134
00002310-08_4_full;101,94,76;53,23,25;205,159,136
00005038-05_1_front;68,71,76;27,27,25;200,149,120
00007569-01_4_full;19,23,34;243,241,242;248,228,221
00006644-01_4_full;206,211,230;22,25,30;112,76,54
00003577-01_7_additional;224,224,226;34,94,120;123,79,66
00007301-05_4_full;89,46,56;213,202,184;184,124,96
00007723-01_7_additional;33,36,41;30,36,48;198,151,125
00003010-01_4_full;242,240,241;46,44,58;214,172,156
00003853-07_6_flat;93,88,69;36,38,51;209,172,154
00007937-01_7_additional;228,221,175;29,29,27;100,54,38
00006789-01_7_additional;24,25,29;41,39,50;244,216,205
00002533-01_4_full;240,240,242;87,126,157;137,82,62
00006957-02_4_full;40,36,35;119,116,133;219,148,96
00003203-01_7_additional;37,41,44;78,81,88;159,101,77
00002035-01_7_additional;92,141,184;15,17,16;232,194,171
00005609-06_1_front;225,223,228;161,1,29;168,102,78
00005939-01_6_flat;171,171,183;200,204,203;151,94,75
00007723-06_1_front;80,39,55;23,32,41;219,171,149
00003600-03_4_full;177,173,174;137,131,131;154,99,79
00000535-01_7_additional;179,179,181;27,29,42;197,156,136
00003853-06_4_full;236,198,101;44,44,56;226,187,170
00001345-06_4_full;58,58,60;75,118,153;205,136,95
00007301-11_1_front;124,112,90;37,35,38;228,184,159
00000289-02_1_front;45,63,99;242,242,244;129,77,63
00002692-12_1_front;76,39,57;33,32,38;220,175,152
00007362-01_1_front;67,73,107;39,18,23;233,201,180
00001571-05_4_full;70,38,43;202,191,173;172,112,84
00006915-01_4_full;58,54,55;46,41,38;231,161,102
00005641-01_4_full;235,236,241;33,33,33;172,108,73
00004319-03_4_full;76,69,59;47,45,48;204,144,108
00000893-01_7_additional;16,16,14;205,205,205;246,219,208
00005160-13_4_full;128,220,217;174,154,130;185,135,108
00007165-01_4_full;10,10,8;11,11,9;243,224,210
00001351-01_7_additional;39,38,44;25,26,20;235,203,188
00003537-02_1_front;244,192,194;59,92,127;116,59,42
00001573-01_1_front;232,232,232;16,16,14;87,50,34
00006585-04_4_full;44,47,64;202,210,213;162,97,69
00001510-03_1_front;52,62,87;82,79,86;228,184,155
00006913-01_7_additional;247,245,250;173,189,215;238,200,177
00006356-01_1_front;135,164,194;206,202,203;80,42,29
00007404-01_4_full;244,242,247;18,22,25;103,61,45
00006439-01_4_full;252,252,252;33,39,51;246,217,199
00003039-01_4_full;179,182,189;32,38,50;231,185,169
00003612-03_1_front;232,230,231;169,168,176;216,162,136
00007865-01_7_additional;250,248,249;146,56,66;245,212,203
00005160-01_1_front;91,90,98;205,188,168;222,176,153
00001654-01_4_full;47,45,48;44,42,43;202,155,129
00007309-06_1_front;41,39,53;214,198,173;211,157,129
00001239-08_4_full;171,170,176;30,30,32;187,135,114
00006826-02_7_additional;203,201,204;195,175,177;248,220,208
00006251-01_4_full;195,194,202;73,65,62;230,188,166
00000045-01_4_full;49,47,52;128,33,41;223,186,168
00002446-04_4_full;73,122,191;243,241,246;206,158,136
00002781-02_1_front;250,250,252;16,16,16;230,185,164
00007741-01_4_full;41,37,36;214,215,219;228,195,176
00003692-06_1_front;240,239,245;17,20,27;146,90,75
00004235-01_4_full;66,65,73;71,68,75;212,162,139
00001509-02_4_full;255,224,229;193,176,156;248,226,213
00002310-04_4_full;74,33,41;188,180,167;187,144,128
00006957-01_4_full;53,47,47;108,103,107;229,164,110
00001617-01_7_additional;220,219,225;174,175,180;180,117,100
00007066-05_1_front;252,252,254;72,83,129;187,124,93
00003153-01_4_full;202,201,207;19,18,16;171,111,85
00007653-02_4_full;255,255,255;13,13,13;101,78,62
00006029-01_1_front;137,10,19;150,150,152;236,210,195
00001604-01_4_full;45,40,46;145,168,184;251,227,191
00002110-15_4_full;221,219,222;207,71,71;235,207,186
00002714-01_4_full;255,100,104;41,46,76;197,127,76
00005077-01_7_additional;154,184,208;113,89,63;79,43,29
00006930-01_7_additional;247,246,252;10,10,8;117,60,40
00003216-01_1_front;245,248,253;225,234,243;248,222,209
00001809-01_1_front;238,239,244;39,39,27;230,203,182
00003879-02_7_additional;240,239,245;17,21,24;208,156,132
00002115-01_7_additional;22,22,24;230,230,232;208,175,156
00001021-04_4_full;219,218,224;145,162,178;159,102,73
00007519-01_1_front;227,227,229;53,85,126;110,59,42
00001266-01_7_additional;192,211,225;178,160,136;153,107,84
00004698-10_4_full;225,166,4;47,43,42;232,196,170
00000193-06_1_front;223,221,222;225,223,224;115,71,60
00001903-01_4_full;72,70,75;67,62,66;229,187,165
00004249-01_4_full;254,254,254;18,16,17;249,229,218
00005021-01_1_front;40,39,45;31,27,24;177,124,93
00000168-01_1_front;50,48,51;18,18,20;238,206,185
00000337-08_7_additional;246,246,248;181,177,178;198,157,137
00001365-01_7_additional;250,250,252;142,142,144;118,63,43
00004698-03_4_full;76,74,77;31,29,30;222,182,157
00001509-03_7_additional;253,253,253;197,203,219;254,237,227
00003706-01_4_full;244,243,249;14,16,15;239,204,184
00002006-07_7_additional;230,230,232;51,80,96;191,143,121
00004674-05_4_full;229,227,230;23,22,18;169,108,80
00002116-02_4_full;200,195,192;195,37,52;209,140,99
00006039-07_7_additional;29,32,37;24,71,89;172,133,116
00000146-02_4_full;15,16,11;44,13,8;242,217,210
00000565-01_7_additional;127,131,142;104,132,169;225,182,163
00003470-13_4_full;1,148,103;25,23,24;222,154,109
00006688-09_7_additional;12,12,12;149,151,164;247,223,213
00000192-01_1_front;230,229,227;141,160,175;226,191,171
00004014-03_4_full;189,71,71;25,21,20;205,137,102
00004249-03_4_full;254,254,254;29,30,50;249,227,214
00005557-03_4_full;57,75,75;202,193,176;204,156,134
00001059-01_4_full;251,250,255;112,107,114;202,142,106
00000802-01_7_additional;73,71,76;72,67,71;224,174,151
00000145-01_4_full;40,40,40;29,28,24;205,144,113
00003197-07_7_additional;212,211,216;1,78,86;241,217,205
00000846-04_4_full;28,35,54;231,112,108;182,116,82
00001027-01_1_front;238,238,240;223,214,205;107,64,48
00006930-01_1_front;241,240,246;13,13,13;203,142,111
00000705-03_1_front;120,136,172;124,137,146;233,198,178
00000345-02_4_full;130,118,128;36,31,35;228,173,134
00001375-03_7_additional;27,27,29;30,30,32;89,52,43
00005177-03_4_full;32,48,73;202,196,174;234,197,178
00006432-01_4_full;195,199,210;209,192,172;180,119,101
00006116-01_7_additional;111,102,71;187,196,203;189,136,105
00006039-06_7_additional;26,30,33;82,29,37;213,164,147
00000193-05_7_additional;218,216,217;203,197,185;221,191,180
00002638-12_1_front;224,216,213;26,25,31;222,185,169
00003412-01_4_full;37,32,29;171,255,255;249,216,173
00002977-01_1_front;11,13,12;9,11,10;248,231,224
00003252-01_1_front;224,224,226;23,23,25;238,200,177
00005955-12_1_front;59,60,64;217,201,178;242,210,189
00006143-03_4_full;247,246,252;213,211,214;189,131,107
00002110-18_7_additional;245,245,247;246,183,140;191,137,109
00003489-07_4_full;204,203,209;46,46,48;239,206,187
00003847-01_4_full;170,165,159;109,160,205;239,208,190
00000078-03_4_full;16,26,36;189,205,220;249,234,227
00005047-01_4_full;232,237,241;194,183,165;178,121,101
00003125-06_4_full;254,254,254;141,141,131;227,191,179
00007066-06_7_additional;252,252,254;233,89,80;194,133,105
00005447-01_4_full;43,42,47;146,160,173;228,170,133
00003311-01_4_full;45,45,47;72,71,77;203,155,133
00001231-01_4_full;29,28,34;195,202,212;244,195,154
00007377-01_1_front;252,252,254;57,22,18;245,222,204
00006158-01_4_full;23,22,18;212,182,154;173,118,87
00003470-04_4_full;114,119,97;214,214,216;219,154,112
00003797-01_4_full;186,185,193;20,22,21;209,161,141
00005897-02_4_full;238,243,249;208,214,226;241,206,187
00001207-05_4_full;19,19,17;178,144,107;247,220,203
00007492-06_4_full;170,168,179;77,69,93;158,101,82
00005590-02_1_front;218,217,215;19,21,20;203,150,119
00003853-07_7_additional;97,90,71;44,44,56;202,156,140
00004698-02_4_full;221,221,223;96,85,89;241,210,189
00001509-01_1_front;245,246,251;198,185,169;253,239,230
00003336-07_7_additional;145,146,164;206,206,208;232,186,160
00003216-02_7_additional;204,204,206;226,235,244;168,108,80
00001563-01_1_front;241,246,250;17,17,15;231,189,165
00005097-08_4_full;149,144,151;188,164,130;210,165,132
00002268-01_4_full;238,237,243;235,234,240;133,86,66
00004698-12_4_full;243,243,245;58,48,47;191,151,126
00004809-01_4_full;19,19,21;17,17,19;229,198,178
00005213-01_1_front;82,39,46;64,61,70;206,157,140
00000339-07_4_full;130,127,118;205,192,176;234,198,172
00001831-02_1_front;249,249,251;60,55,61;236,199,170
00007946-01_4_full;246,245,251;37,36,34;184,124,96
00004028-01_4_full;213,213,215;26,25,21;239,203,181
00002239-02_4_full;246,245,251;190,172,150;150,96,70
00006933-01_1_front;243,242,248;13,13,13;173,112,83
00003336-09_4_full;24,78,55;212,212,214;234,193,165
00007466-09_4_full;49,52,57;205,199,187;213,168,147
00000763-01_4_full;49,50,54;27,35,46;212,162,137
00004047-01_4_full;204,198,200;11,11,11;151,99,75
00005021-05_1_front;76,71,77;28,27,25;184,133,114
00007583-03_1_front;38,42,19;20,20,22;243,217,202
00005882-02_4_full;210,209,215;191,173,151;189,135,109
00001008-06_4_full;48,76,77;36,37,42;216,171,148
00005213-05_1_front;90,85,91;167,62,67;210,160,135
00000768-01_4_full;38,37,43;183,168,145;213,167,143
00000006-01_1_front;226,226,226;22,22,24;232,196,174
00005021-02_1_front;244,243,249;19,19,19;229,196,177
00004117-02_4_full;25,19,19;34,36,51;224,173,144
00006908-01_1_front;63,57,59;59,53,53;211,150,119
00000653-02_4_full;49,48,56;57,55,68;224,171,140
00002667-01_1_front;216,215,221;219,229,239;242,225,217
